sequence_id,position,wt_residue,mut_residue,llr
seq_alpha,2,C,A,-0.24
seq_alpha,2,C,C,0.0
seq_alpha,2,C,D,-0.24
seq_alpha,2,C,E,-0.42
seq_alpha,2,C,F,-0.6000000000000001
seq_alpha,2,C,G,-0.78
seq_alpha,2,C,H,-0.96
seq_alpha,2,C,I,-1.1400000000000001
seq_alpha,2,C,K,-1.32
seq_alpha,2,C,L,-1.5
seq_alpha,2,C,M,-1.68
seq_alpha,2,C,N,-1.8599999999999999
seq_alpha,2,C,P,-2.04
seq_alpha,2,C,Q,-2.22
seq_alpha,2,C,R,-2.4
seq_alpha,2,C,S,-2.58
seq_alpha,2,C,T,-2.76
seq_alpha,2,C,V,-2.94
seq_alpha,2,C,W,-3.12
seq_alpha,2,C,Y,-3.3
seq_alpha,5,F,A,-0.87
seq_alpha,5,F,C,-0.6900000000000001
seq_alpha,5,F,D,-0.51
seq_alpha,5,F,E,-0.32999999999999996
seq_alpha,5,F,F,0.0
seq_alpha,5,F,G,-0.32999999999999996
seq_alpha,5,F,H,-0.51
seq_alpha,5,F,I,-0.6900000000000001
seq_alpha,5,F,K,-0.87
seq_alpha,5,F,L,-1.0499999999999998
seq_alpha,5,F,M,-1.23
seq_alpha,5,F,N,-1.41
seq_alpha,5,F,P,-1.5899999999999999
seq_alpha,5,F,Q,-1.7699999999999998
seq_alpha,5,F,R,-1.9499999999999997
seq_alpha,5,F,S,-2.13
seq_alpha,5,F,T,-2.31
seq_alpha,5,F,V,-2.4899999999999998
seq_alpha,5,F,W,-2.67
seq_alpha,5,F,Y,-2.8499999999999996
seq_alpha,8,I,A,-1.5
seq_alpha,8,I,C,-1.32
seq_alpha,8,I,D,-1.14
seq_alpha,8,I,E,-0.96
seq_alpha,8,I,F,-0.78
seq_alpha,8,I,G,-0.6
seq_alpha,8,I,H,-0.42
seq_alpha,8,I,I,0.0
seq_alpha,8,I,K,-0.42
seq_alpha,8,I,L,-0.6
seq_alpha,8,I,M,-0.78
seq_alpha,8,I,N,-0.96
seq_alpha,8,I,P,-1.14
seq_alpha,8,I,Q,-1.32
seq_alpha,8,I,R,-1.5
seq_alpha,8,I,S,-1.68
seq_alpha,8,I,T,-1.8599999999999999
seq_alpha,8,I,V,-2.04
seq_alpha,8,I,W,-2.2199999999999998
seq_alpha,8,I,Y,-2.4000000000000004
seq_alpha,10,L,A,-1.92
seq_alpha,10,L,C,-1.74
seq_alpha,10,L,D,-1.56
seq_alpha,10,L,E,-1.3800000000000001
seq_alpha,10,L,F,-1.2
seq_alpha,10,L,G,-1.02
seq_alpha,10,L,H,-0.8400000000000001
seq_alpha,10,L,I,-0.6599999999999999
seq_alpha,10,L,K,-0.48
seq_alpha,10,L,L,0.0
seq_alpha,10,L,M,-0.48
seq_alpha,10,L,N,-0.6599999999999999
seq_alpha,10,L,P,-0.8400000000000001
seq_alpha,10,L,Q,-1.02
seq_alpha,10,L,R,-1.2
seq_alpha,10,L,S,-1.3800000000000001
seq_alpha,10,L,T,-1.56
seq_alpha,10,L,V,-1.74
seq_alpha,10,L,W,-1.92
seq_alpha,10,L,Y,-2.0999999999999996
seq_beta,2,C,A,-0.24
seq_beta,2,C,C,0.0
seq_beta,2,C,D,-0.24
seq_beta,2,C,E,-0.42
seq_beta,2,C,F,-0.6000000000000001
seq_beta,2,C,G,-0.78
seq_beta,2,C,H,-0.96
seq_beta,2,C,I,-1.1400000000000001
seq_beta,2,C,K,-1.32
seq_beta,2,C,L,-1.5
seq_beta,2,C,M,-1.68
seq_beta,2,C,N,-1.8599999999999999
seq_beta,2,C,P,-2.04
seq_beta,2,C,Q,-2.22
seq_beta,2,C,R,-2.4
seq_beta,2,C,S,-2.58
seq_beta,2,C,T,-2.76
seq_beta,2,C,V,-2.94
seq_beta,2,C,W,-3.12
seq_beta,2,C,Y,-3.3
seq_beta,5,Y,A,-3.57
seq_beta,5,Y,C,-3.3899999999999997
seq_beta,5,Y,D,-3.21
seq_beta,5,Y,E,-3.03
seq_beta,5,Y,F,-2.8499999999999996
seq_beta,5,Y,G,-2.67
seq_beta,5,Y,H,-2.4899999999999998
seq_beta,5,Y,I,-2.31
seq_beta,5,Y,K,-2.13
seq_beta,5,Y,L,-1.9499999999999997
seq_beta,5,Y,M,-1.7699999999999998
seq_beta,5,Y,N,-1.5899999999999999
seq_beta,5,Y,P,-1.41
seq_beta,5,Y,Q,-1.23
seq_beta,5,Y,R,-1.0499999999999998
seq_beta,5,Y,S,-0.87
seq_beta,5,Y,T,-0.6900000000000001
seq_beta,5,Y,V,-0.51
seq_beta,5,Y,W,-0.32999999999999996
seq_beta,5,Y,Y,0.0
seq_beta,8,I,A,-1.5
seq_beta,8,I,C,-1.32
seq_beta,8,I,D,-1.14
seq_beta,8,I,E,-0.96
seq_beta,8,I,F,-0.78
seq_beta,8,I,G,-0.6
seq_beta,8,I,H,-0.42
seq_beta,8,I,I,0.0
seq_beta,8,I,K,-0.42
seq_beta,8,I,L,-0.6
seq_beta,8,I,M,-0.78
seq_beta,8,I,N,-0.96
seq_beta,8,I,P,-1.14
seq_beta,8,I,Q,-1.32
seq_beta,8,I,R,-1.5
seq_beta,8,I,S,-1.68
seq_beta,8,I,T,-1.8599999999999999
seq_beta,8,I,V,-2.04
seq_beta,8,I,W,-2.2199999999999998
seq_beta,8,I,Y,-2.4000000000000004
seq_beta,10,L,A,-1.92
seq_beta,10,L,C,-1.74
seq_beta,10,L,D,-1.56
seq_beta,10,L,E,-1.3800000000000001
seq_beta,10,L,F,-1.2
seq_beta,10,L,G,-1.02
seq_beta,10,L,H,-0.8400000000000001
seq_beta,10,L,I,-0.6599999999999999
seq_beta,10,L,K,-0.48
seq_beta,10,L,L,0.0
seq_beta,10,L,M,-0.48
seq_beta,10,L,N,-0.6599999999999999
seq_beta,10,L,P,-0.8400000000000001
seq_beta,10,L,Q,-1.02
seq_beta,10,L,R,-1.2
seq_beta,10,L,S,-1.3800000000000001
seq_beta,10,L,T,-1.56
seq_beta,10,L,V,-1.74
seq_beta,10,L,W,-1.92
seq_beta,10,L,Y,-2.0999999999999996
seq_gamma,2,C,A,-0.24
seq_gamma,2,C,C,0.0
seq_gamma,2,C,D,-0.24
seq_gamma,2,C,E,-0.42
seq_gamma,2,C,F,-0.6000000000000001
seq_gamma,2,C,G,-0.78
seq_gamma,2,C,H,-0.96
seq_gamma,2,C,I,-1.1400000000000001
seq_gamma,2,C,K,-1.32
seq_gamma,2,C,L,-1.5
seq_gamma,2,C,M,-1.68
seq_gamma,2,C,N,-1.8599999999999999
seq_gamma,2,C,P,-2.04
seq_gamma,2,C,Q,-2.22
seq_gamma,2,C,R,-2.4
seq_gamma,2,C,S,-2.58
seq_gamma,2,C,T,-2.76
seq_gamma,2,C,V,-2.94
seq_gamma,2,C,W,-3.12
seq_gamma,2,C,Y,-3.3
seq_gamma,5,F,A,-0.87
seq_gamma,5,F,C,-0.6900000000000001
seq_gamma,5,F,D,-0.51
seq_gamma,5,F,E,-0.32999999999999996
seq_gamma,5,F,F,0.0
seq_gamma,5,F,G,-0.32999999999999996
seq_gamma,5,F,H,-0.51
seq_gamma,5,F,I,-0.6900000000000001
seq_gamma,5,F,K,-0.87
seq_gamma,5,F,L,-1.0499999999999998
seq_gamma,5,F,M,-1.23
seq_gamma,5,F,N,-1.41
seq_gamma,5,F,P,-1.5899999999999999
seq_gamma,5,F,Q,-1.7699999999999998
seq_gamma,5,F,R,-1.9499999999999997
seq_gamma,5,F,S,-2.13
seq_gamma,5,F,T,-2.31
seq_gamma,5,F,V,-2.4899999999999998
seq_gamma,5,F,W,-2.67
seq_gamma,5,F,Y,-2.8499999999999996
seq_gamma,8,I,A,-1.5
seq_gamma,8,I,C,-1.32
seq_gamma,8,I,D,-1.14
seq_gamma,8,I,E,-0.96
seq_gamma,8,I,F,-0.78
seq_gamma,8,I,G,-0.6
seq_gamma,8,I,H,-0.42
seq_gamma,8,I,I,0.0
seq_gamma,8,I,K,-0.42
seq_gamma,8,I,L,-0.6
seq_gamma,8,I,M,-0.78
seq_gamma,8,I,N,-0.96
seq_gamma,8,I,P,-1.14
seq_gamma,8,I,Q,-1.32
seq_gamma,8,I,R,-1.5
seq_gamma,8,I,S,-1.68
seq_gamma,8,I,T,-1.8599999999999999
seq_gamma,8,I,V,-2.04
seq_gamma,8,I,W,-2.2199999999999998
seq_gamma,8,I,Y,-2.4000000000000004
seq_gamma,10,M,A,-2.0999999999999996
seq_gamma,10,M,C,-1.92
seq_gamma,10,M,D,-1.74
seq_gamma,10,M,E,-1.56
seq_gamma,10,M,F,-1.3800000000000001
seq_gamma,10,M,G,-1.2
seq_gamma,10,M,H,-1.02
seq_gamma,10,M,I,-0.8400000000000001
seq_gamma,10,M,K,-0.6599999999999999
seq_gamma,10,M,L,-0.48
seq_gamma,10,M,M,0.0
seq_gamma,10,M,N,-0.48
seq_gamma,10,M,P,-0.6599999999999999
seq_gamma,10,M,Q,-0.8400000000000001
seq_gamma,10,M,R,-1.02
seq_gamma,10,M,S,-1.2
seq_gamma,10,M,T,-1.3800000000000001
seq_gamma,10,M,V,-1.56
seq_gamma,10,M,W,-1.74
seq_gamma,10,M,Y,-1.92
