position,candidate,language_model_score,site_entropy,candidate_frequency,structure_score,target
1,D,-0.6394840751089073,0.34506298342864933,0.022070089028729672,0.15675108662422516,0
1,C,-2.698628024889202,0.34506298342864933,0.09193201564008377,-0.47775327603393064,0
1,K,-0.9907055534942883,0.34506298342864933,0.3158338829872753,-0.583600432743302,0
1,Y,-0.07140417081920844,0.34506298342864933,0.1623631533045066,-1.5471446781284823,0
1,N,-0.06251428837210779,0.34506298342864933,0.06475266388747888,0.07451622877146342,0
1,T,-0.3706504394194383,0.34506298342864933,0.20743214894887863,-0.6756622510056528,0
1,S,-0.6451758906071041,0.34506298342864933,0.21492251577801916,0.8987638721004078,0
1,V,-1.505396106552944,0.34506298342864933,0.17111096173478305,-0.09728692567008902,0
1,M,0.5075355865020665,0.34506298342864933,0.1303456063950199,-0.4280249425728672,0
1,P,0.17072075321657632,0.34506298342864933,0.2174604431222975,-0.4435812229744192,0
1,A,0.4712201886324748,0.34506298342864933,0.17548408466556287,-0.005399560671626605,1
1,H,-1.4727615593921761,0.34506298342864933,0.41448711037362845,-0.8999276075985952,0
2,H,0.018744059406747005,0.16532733648326103,0.21072063307563788,0.3628397991887543,0
2,K,0.7760460951188601,0.16532733648326103,0.06412915527704353,1.2491487495584548,0
2,D,-0.13636733236251036,0.16532733648326103,0.1813405521974603,-0.5428919317301868,0
2,L,-0.8638588295653469,0.16532733648326103,0.0555319078264382,0.9659216187288089,0
2,N,-0.7649659540651974,0.16532733648326103,0.1184005208748692,-0.29992171594179834,0
2,M,-0.8774083539834238,0.16532733648326103,0.5230779590243912,-0.7628988629167396,0
2,Y,-1.5245867288435113,0.16532733648326103,0.26315531888965865,-0.02344391855484465,0
2,G,-0.8228738988078924,0.16532733648326103,0.2317339996166902,-1.2161027602081953,0
2,Q,-0.5776671309007785,0.16532733648326103,0.22990122214923434,0.6300825914455861,0
2,A,-0.2220060745335953,0.16532733648326103,0.12767405961560357,-0.5635713933532417,0
2,S,0.8789675053729987,0.16532733648326103,0.2544529356942213,0.8311844526649818,1
2,V,-0.526180077023436,0.16532733648326103,0.30627211075596966,0.8736191135245024,0
3,C,0.5007189159342713,0.0963100550700076,0.21707962600798134,-0.9990430272201656,0
3,P,0.1904457622903968,0.0963100550700076,0.06396127199652414,-1.3927890458668095,0
3,H,-0.09445011734742362,0.0963100550700076,0.18484697421832852,-0.08247837201730518,0
3,G,-0.29567883605954665,0.0963100550700076,0.5951178493386143,-1.968796607080243,0
3,N,-0.5350775052313175,0.0963100550700076,0.4854712502975995,1.1306132302500087,0
3,E,0.04303708610305164,0.0963100550700076,0.11477573845762339,0.21570470002449457,0
3,S,0.5061466094507217,0.0963100550700076,0.13815528976923103,-0.007358286291270949,0
3,W,1.7170094883974736,0.0963100550700076,0.30589689862954855,-2.613559463345258,0
3,I,-0.06630623529225381,0.0963100550700076,0.1861515004640002,1.1880942172123188,0
3,K,-0.01051718566166909,0.0963100550700076,0.42591766018719796,1.5691058462836123,0
3,Y,0.9118858890527023,0.0963100550700076,0.23634420609096035,-0.20360042572294623,0
3,D,1.5068673561047718,0.0963100550700076,0.2846843148193278,1.6027050111724899,1
4,D,-0.4706111600166215,0.26226360536968485,0.08974010091708541,0.4609194157133795,0
4,N,-0.4151268940007203,0.26226360536968485,0.11874606155000257,-1.1069310243514836,0
4,C,-1.0624679581296401,0.26226360536968485,0.10396481621818006,-0.5930057969416156,0
4,Q,-0.11530781838864967,0.26226360536968485,0.4813045598624152,-0.5041712293409636,0
4,F,-0.3623263258386798,0.26226360536968485,0.20733282790640106,0.20659237721603418,0
4,A,0.3465059662590548,0.26226360536968485,0.43137414333015606,0.38795708601520174,0
4,E,-1.5660489848911179,0.26226360536968485,0.29408924535063957,-0.37134851689085024,0
4,R,0.4798258473952141,0.26226360536968485,0.578998991998323,-0.05609428076827262,1
4,L,-1.3085340582624676,0.26226360536968485,0.11987097792982952,1.0847512652964209,0
4,H,0.3575056645830928,0.26226360536968485,0.16046396713440872,-1.4438636958951212,0
4,W,-0.34825030265451606,0.26226360536968485,0.34670180825682106,0.17533484346507067,0
4,T,-0.5340893491360927,0.26226360536968485,0.4375800315271839,0.8054710604946225,0
5,K,-1.1622334135171861,0.3721395427341185,0.10165176057976175,-0.8272879008045365,0
5,P,-1.1451722271419793,0.3721395427341185,0.025723192882999808,0.0035081514639604466,0
5,A,-1.09542792566762,0.3721395427341185,0.1807090806208705,0.38650199362583243,0
5,N,-0.8723042976592935,0.3721395427341185,0.19904154422436782,-1.0858162553014383,0
5,Y,-0.06632731901678984,0.3721395427341185,0.3004996894142788,0.6514930603433157,0
5,L,-1.9246420096165358,0.3721395427341185,0.2674500358290298,-0.7432748910532813,0
5,V,0.2611453998016544,0.3721395427341185,0.05671870757968049,0.43278009778072224,0
5,W,-1.3304210027482197,0.3721395427341185,0.014418201868147195,-0.0310495089807992,0
5,M,-0.06859600915855787,0.3721395427341185,0.6242452421984814,-1.265118433493284,1
5,Q,-1.4529914982914764,0.3721395427341185,0.35700539103315454,-0.35479665314109476,0
5,S,-2.9378519063312463,0.3721395427341185,0.1669875062632288,-0.2854158272158405,0
5,C,-1.0955403390310277,0.3721395427341185,0.4043567948905875,-1.893807136511814,0
6,C,0.23453895504591019,0.4495491676969617,0.19381867493666696,-0.5487603374278119,0
6,W,-0.019901055011681736,0.4495491676969617,0.058254554146612514,-0.2943536092178474,0
6,A,0.07603809604593897,0.4495491676969617,0.2069252540446752,-0.9765394686110568,0
6,I,-0.5680811553289042,0.4495491676969617,0.15710251103290954,0.42709120954416574,0
6,F,-0.45467417490033135,0.4495491676969617,0.2033676975545113,0.28337629253461555,0
6,V,-0.6691137584068927,0.4495491676969617,0.10831308060865341,-1.5143202451196276,0
6,D,1.154001640179064,0.4495491676969617,0.4785883370615371,-0.1472546367197673,0
6,R,0.3617380512931616,0.4495491676969617,0.03351351651788169,-0.37084535417839304,0
6,T,1.7324986119381882,0.4495491676969617,0.4202737650155482,-0.6944580741815911,1
6,P,0.3802614099956045,0.4495491676969617,0.22762033123044184,0.7312429884948122,0
6,Q,1.0554764239183771,0.4495491676969617,0.18896089447338263,-1.6394593315431263,1
6,G,-0.07060968463505077,0.4495491676969617,0.2265401179230581,-0.8642121147366698,0
7,L,2.260165246990294,0.5419460455387406,0.1289114497587314,-0.03031330358915025,1
7,F,-0.663937185333547,0.5419460455387406,0.10254466734359968,-1.5094443581182324,0
7,V,0.6395725108716657,0.5419460455387406,0.05762781661332792,0.4931774968607472,0
7,Y,1.3316584842625245,0.5419460455387406,0.18210215080483733,0.20466321059769635,0
7,C,0.9781710974640339,0.5419460455387406,0.18866604390589464,0.9158328291770471,0
7,A,-0.13645306337767643,0.5419460455387406,0.1945766826731861,0.21885470706822427,0
7,P,0.17828522585057227,0.5419460455387406,0.04790261617583378,-1.6462311414991517,0
7,D,0.9681493162675325,0.5419460455387406,0.06912356729694533,-0.3349027987134741,0
7,K,-0.5873402600256394,0.5419460455387406,0.0770014924362718,-0.7393074876302995,0
7,S,0.0809915513719286,0.5419460455387406,0.3571463966033779,2.5323058327678063,0
7,H,0.19126835296425998,0.5419460455387406,0.2789490799296204,1.2119435432218957,0
7,M,0.9740531874177603,0.5419460455387406,0.05460885578331393,0.6842898381472375,0
8,F,-2.4786289759154094,0.21763800030146208,0.07780140743714913,-2.002187267023239,0
8,S,-2.1865493733607115,0.21763800030146208,0.22090514967918196,-0.5397780157316924,0
8,V,-2.3589491109437213,0.21763800030146208,0.08067650198519838,0.7058016008515581,0
8,N,0.7665580681414276,0.21763800030146208,0.16798137279286637,-0.43521490158805637,1
8,W,-1.7607918288020952,0.21763800030146208,0.11647651841477474,0.5323742791050526,0
8,M,-1.7899615792469072,0.21763800030146208,0.12037024537523985,1.5540176686087332,0
8,Y,-0.5934468249672006,0.21763800030146208,0.2203725376840371,-0.5291569660279176,0
8,L,-0.06991724396530674,0.21763800030146208,0.2984832350650514,-0.6656252372581756,0
8,D,-1.5963323028104823,0.21763800030146208,0.013481980332109162,0.3715547637511007,0
8,A,0.910706728903733,0.21763800030146208,0.17738600972044377,-1.2178251584582491,1
8,Q,-1.3214250580400737,0.21763800030146208,0.00925925664588588,0.10572154469998292,0
8,K,-0.638173973059298,0.21763800030146208,0.3050920438818761,-1.45663774256872,0
9,D,-0.9490347863473689,0.20054784191362976,0.10980450852903673,-0.029601283237510274,0
9,M,-1.441852058569451,0.20054784191362976,0.18368932935408105,0.14823063634199898,0
9,W,-2.258495711099664,0.20054784191362976,0.08460357625605672,-0.8873698750982034,0
9,A,-1.0634559974702162,0.20054784191362976,0.0254449013874105,1.1592470530477048,0
9,F,0.45362232292487337,0.20054784191362976,0.10916563561696185,0.32622342088564454,0
9,K,-0.9736601079304199,0.20054784191362976,0.015471170673860035,1.3166901361826624,0
9,C,0.328389955375715,0.20054784191362976,0.02276545318811317,0.25355571994071757,0
9,S,1.3026152227657337,0.20054784191362976,0.0509695738028475,-0.43732790570838587,1
9,Q,-0.7624484976113919,0.20054784191362976,0.26248649297771637,0.8771515220618357,0
9,N,-0.7256187650351041,0.20054784191362976,0.23818002173539202,1.1346305008337747,0
9,P,1.5377282679854942,0.20054784191362976,0.12558558852231225,1.5477570609378302,0
9,T,0.5707675812058451,0.20054784191362976,0.14239942783838314,0.27714037675138314,0
10,G,-0.3595889597317985,0.7232540092735693,0.0499343309465089,-0.3587330590564334,0
10,V,1.4717380870954886,0.7232540092735693,0.08310156016171003,0.35503607516644337,1
10,W,-0.2563605159993778,0.7232540092735693,0.09961607085655048,-0.4259451084001599,0
10,T,0.49349102965069913,0.7232540092735693,0.23977159119389688,-0.8253040317638951,0
10,R,-0.038480078557376174,0.7232540092735693,0.667550713809853,0.6643129107943418,0
10,L,1.0162281106329925,0.7232540092735693,0.11899605500595117,1.0273019683616285,0
10,P,0.9134574140437078,0.7232540092735693,0.057831764689180755,0.3739021567442434,0
10,C,-0.6331040030816786,0.7232540092735693,0.018225663317726404,-0.14172786178901123,0
10,M,0.2976248696085174,0.7232540092735693,0.10189216951680725,-0.2437616219559586,0
10,F,0.3624330214655543,0.7232540092735693,0.07398776090631136,-0.8254725722239247,0
10,S,0.6712569102240503,0.7232540092735693,0.09450915543881032,0.9591389238981252,0
10,H,-0.10252292118417988,0.7232540092735693,0.21488833944693583,-1.808476355740995,0
11,Y,0.6778465328858868,0.4714222638652347,0.4074053295920773,0.5833396553323329,1
11,K,0.9410759814267755,0.4714222638652347,0.32368493019712746,0.8814816388012593,0
11,L,-0.6831041304871152,0.4714222638652347,0.12038593123604172,1.145031498226728,0
11,I,-0.764272143809947,0.4714222638652347,0.15143409761794585,0.8847494335149046,0
11,D,-0.26474572187110285,0.4714222638652347,0.06276977608021243,0.7498198819099152,0
11,M,0.5903626027634838,0.4714222638652347,0.567800757382675,1.1578570275164373,0
11,W,-0.8442279845536587,0.4714222638652347,0.08786510953547629,-1.1068074157420604,0
11,C,-0.11801815281233762,0.4714222638652347,0.19430550523263165,-2.1393761696371945,0
11,S,-0.605515473197052,0.4714222638652347,0.2433090292896268,0.7925867232518442,0
11,H,-0.5711794980841322,0.4714222638652347,0.011103270238640883,-1.1861390850746782,0
11,T,-0.09898789484108743,0.4714222638652347,0.11865623943582257,-0.3981536526914417,0
11,G,-1.093091748310735,0.4714222638652347,0.16225311834488562,0.3659248863111264,0
12,S,-2.442217097014957,0.35944973200055325,0.12245470225596396,-0.7622552815679994,0
12,K,-0.1151845149809656,0.35944973200055325,0.07230528024752396,0.139415254770579,0
12,T,0.18338386738291768,0.35944973200055325,0.08682673760410912,-0.06146241903506856,0
12,A,1.9073413981676364,0.35944973200055325,0.07151531046734966,1.0467243315836225,1
12,M,-1.255047953820331,0.35944973200055325,0.3249957111439761,0.0314729477902652,0
12,E,-1.0270902765538255,0.35944973200055325,0.19853600698840193,-2.1881406726948454,0
12,G,-0.21449769437104424,0.35944973200055325,0.11602805354719276,-0.08211740493189977,0
12,Y,-0.5810995516706957,0.35944973200055325,0.06106756825773868,0.8967773342418733,0
12,F,0.4903068530048177,0.35944973200055325,0.22446539653338698,-0.17413191507326234,0
12,W,-1.8002202388433324,0.35944973200055325,0.21168855228850653,-0.578000253493152,0
12,Q,-1.3242402295185074,0.35944973200055325,0.11110999990699467,-0.18928835722896975,0
12,N,-0.03133942673916046,0.35944973200055325,0.07056826277736578,-1.4973544741740719,0
13,V,0.13048863689843046,0.11776176991192529,0.14920867161491128,-0.92574702996371,0
13,N,0.9274571762183865,0.11776176991192529,0.13226726765921593,-2.457661418894294,0
13,H,-0.19512626316626036,0.11776176991192529,0.036268712760160374,-1.1348326696708735,0
13,A,-0.18998473968548446,0.11776176991192529,0.0333770068306981,0.7904535745882663,0
13,G,-0.66149804897834,0.11776176991192529,0.22739036298985035,-0.09349163940534987,0
13,D,-0.4471068147510427,0.11776176991192529,0.3755695143604933,0.8939905665405024,0
13,R,0.5901046015472067,0.11776176991192529,0.07425798773923732,1.3980509406964945,0
13,T,1.3216211316697872,0.11776176991192529,0.5560108484719132,-1.4378028681905122,1
13,I,-0.5859557284168921,0.11776176991192529,0.2122142387835887,-0.10237026121340073,0
13,P,0.3466205863581953,0.11776176991192529,0.18373349206066272,-1.7021383108256534,0
13,Q,-0.6454999395687064,0.11776176991192529,0.18695462255428422,-1.5898394013841861,0
13,L,-0.3416763762360671,0.11776176991192529,0.5566546676918637,0.22050836793540218,0
14,K,0.2902817622521156,0.22053513060472824,0.2542373169822504,-1.289371413960456,0
14,T,-0.6987647599933082,0.22053513060472824,0.17373726061206624,0.1822594637816633,0
14,C,2.0185709804324166,0.22053513060472824,0.017777695570038575,-0.3269979387077995,1
14,D,-0.32697614227113775,0.22053513060472824,0.038826142483011,-1.3717023702861768,0
14,G,0.5461426550652021,0.22053513060472824,0.19652891422065857,-1.7830817487195436,0
14,I,0.42655560837071216,0.22053513060472824,0.103186987803249,1.5804055858131327,0
14,V,2.6247513628138597,0.22053513060472824,0.029171934852445944,0.14961847956037583,1
14,Q,0.6379888052356615,0.22053513060472824,0.030515342338564302,1.8180771284865394,0
14,F,1.4789328406614894,0.22053513060472824,0.39685094036518237,-0.17731280686363585,0
14,L,-1.690582372153945,0.22053513060472824,0.180576123762008,1.9307270485184007,0
14,W,-0.03344256691323577,0.22053513060472824,0.36892976342396283,-1.2416605775709948,0
14,E,-1.3094158428384541,0.22053513060472824,0.22713249756146794,-0.8973219016364986,0
15,H,0.3831910740585829,0.48151626880275283,0.2895078155561458,0.7464934250784422,0
15,M,1.1334932691070063,0.48151626880275283,0.21178611740014175,-0.6562142063018171,0
15,V,2.932761392822032,0.48151626880275283,0.37629926483310233,0.10222080329493188,1
15,A,-0.39953732892951926,0.48151626880275283,0.15267510943699594,2.3492216858979997,0
15,W,0.5412890456908183,0.48151626880275283,0.006226185394936199,0.5306751740014318,0
15,C,-0.7625923039502969,0.48151626880275283,0.1399507781794149,0.6523445544165802,0
15,N,-0.6251461501019464,0.48151626880275283,0.1403966266827067,0.8429244344247891,0
15,D,0.10991268285821687,0.48151626880275283,0.03855920068897782,-1.003415510501075,0
15,F,-0.14518679202356516,0.48151626880275283,0.2807947882325302,1.644575629197004,0
15,Y,2.070829822961188,0.48151626880275283,0.2937642909725244,2.705506369509455,0
15,L,1.4582256088014962,0.48151626880275283,0.339724065837669,-0.6702951659654681,0
15,T,-0.6060482818814783,0.48151626880275283,0.08585677689335686,0.4630331670186004,0
16,Y,1.726421220181567,0.552132827003469,0.12768628996765166,1.5891687302935997,0
16,R,1.1213978385838759,0.552132827003469,0.03789605699019282,-0.006143153353732409,0
16,D,-0.2323149443404201,0.552132827003469,0.5159891807334047,0.11919692046819659,1
16,L,0.5570739423691928,0.552132827003469,0.03923605176352755,0.0009115320758069846,0
16,Q,0.10876612813812385,0.552132827003469,0.09009471197807209,-0.49041754861728876,0
16,S,0.8840260001316002,0.552132827003469,0.13942223055517983,-1.3384432150414223,0
16,V,-0.26830222655905184,0.552132827003469,0.16987707770208865,2.187981864530712,0
16,I,-0.1399937756886801,0.552132827003469,0.3490683388952369,-0.16962420039136794,0
16,T,0.04721511098272144,0.552132827003469,0.2395232374159514,-0.04080209072452791,0
16,N,-0.9428930322040053,0.552132827003469,0.2688781434655114,-0.7117573020089456,0
16,H,1.327819645590878,0.552132827003469,0.10221114042606759,-2.2646259109564686,0
16,W,-0.810446872560666,0.552132827003469,0.06775376753147094,-0.9121276954716766,0
17,V,-0.7846549591081042,0.09966841935625204,0.5392646254703544,-0.16560235405827292,1
17,S,-0.07170133254043445,0.09966841935625204,0.3327536725420156,0.6055814984474479,0
17,F,-0.38825121768314286,0.09966841935625204,0.340453893236393,-0.3871503296821815,0
17,A,-0.5163632305841223,0.09966841935625204,0.21223969074308804,0.2906332958993996,0
17,E,-0.6378465784526968,0.09966841935625204,0.09449089009172351,-1.0580507513790518,0
17,W,0.582789695836464,0.09966841935625204,0.1892386101817698,-1.2897822561511796,0
17,G,-0.5866017384936455,0.09966841935625204,0.24050614328891617,-1.4193005788923314,0
17,T,-0.6740422358369634,0.09966841935625204,0.06813217071464217,0.5899821790594377,0
17,Y,-1.2556828078144555,0.09966841935625204,0.06074754445468358,1.2383392605822288,0
17,R,-1.0447166333443474,0.09966841935625204,0.1826127580974684,0.13435881665376626,0
17,D,0.9839682690747318,0.09966841935625204,0.1374801599185202,-0.9214736704473936,1
17,N,0.5163909762996184,0.09966841935625204,0.030289554306081413,-2.2064921954239676,0
18,P,-1.2875318496906634,0.5390485263314829,0.40534196893271324,1.1719773029907548,0
18,T,0.556686068308289,0.5390485263314829,0.34369664711123893,-1.4181628295858129,0
18,H,-0.9368863863134058,0.5390485263314829,0.5661322543894903,1.8012623575993727,0
18,N,-1.4821182946639473,0.5390485263314829,0.24674180347728908,1.016447911362902,0
18,Q,-1.3675152265530388,0.5390485263314829,0.10117313292818493,1.1504470430602267,0
18,I,-1.8285071178996701,0.5390485263314829,0.18460471712515544,-0.54957699267009,0
18,C,0.6650969013721999,0.5390485263314829,0.034331696576253345,-0.306066201009667,0
18,F,-1.5905007108754186,0.5390485263314829,0.03829448009219732,0.7521731746180224,0
18,E,-1.3312848818243597,0.5390485263314829,0.4134418396610088,-0.860621604940783,0
18,V,-0.06508277526244224,0.5390485263314829,0.28087125127421275,1.122128858502219,0
18,Y,-0.6271822224847929,0.5390485263314829,0.42958594577098064,-0.2582699258843453,1
18,W,0.09638355016318462,0.5390485263314829,0.11460235408915251,1.2059777598201684,0
19,A,-0.7525515806535747,0.4762496045498838,0.20120895976102998,-1.0851490718187962,0
19,T,-0.5071464280009543,0.4762496045498838,0.23042033153069472,0.7164209034176229,0
19,H,-0.41905126597641185,0.4762496045498838,0.13680876438796286,1.7356851360938104,0
19,P,0.16863191658330978,0.4762496045498838,0.07515943795489204,-1.2772167626756437,0
19,Q,-1.1339782320137244,0.4762496045498838,0.388176641917479,0.3526082897611467,0
19,W,0.9848766769588279,0.4762496045498838,0.07188097295341618,-0.01945623558618069,1
19,R,-3.142115704452308,0.4762496045498838,0.27892558106141,1.4798808671326216,0
19,L,0.1999510155060974,0.4762496045498838,0.29571143969699654,-0.0625486414998812,0
19,S,-0.8180692109605607,0.4762496045498838,0.3355114808825637,0.3413141492052006,0
19,F,-1.3194087090554887,0.4762496045498838,0.15830055515584193,2.003957779028972,0
19,G,-0.36679811544108276,0.4762496045498838,0.1352726235027154,0.3031263768184579,0
19,K,0.5935674279782043,0.4762496045498838,0.21534555816214526,-1.0018267766478062,1
20,E,-0.5566353707507146,0.1935977271883395,0.23767573910572853,0.6966978434727916,0
20,S,-0.29993816222014275,0.1935977271883395,0.35539884359636165,0.28827017045747005,0
20,F,0.8464613339769449,0.1935977271883395,0.418819884316398,1.4188518665913126,0
20,L,-1.3191736488932628,0.1935977271883395,0.16674738592112295,-1.2801789097415188,0
20,D,0.7776428256094928,0.1935977271883395,0.06472828777150852,-0.33702012879276,0
20,I,-0.9638695860513645,0.1935977271883395,0.543647439340239,0.7135516873594568,0
20,Y,1.6907065213837855,0.1935977271883395,0.36996449744667287,0.24945298288944406,1
20,N,2.565019265962428,0.1935977271883395,0.217460409566841,-1.2560152925928039,0
20,K,-0.5040994048847149,0.1935977271883395,0.27744323402574655,-0.5396374495245412,0
20,M,-1.518115188607896,0.1935977271883395,0.1446328694994189,0.7177250232748813,0
20,C,0.1013269217483519,0.1935977271883395,0.031033300795968034,-1.7550788599159177,0
20,R,0.8382394652747314,0.1935977271883395,0.30309330141894264,-0.18938715661090497,0
21,T,-0.15577306637875654,0.05135234198591166,0.05258416967537288,0.8028258201068199,0
21,D,-0.057934306779745814,0.05135234198591166,0.23023845161966824,-0.2550376877212449,0
21,C,-0.8859088881968843,0.05135234198591166,0.28629278562933175,-0.3592103998349385,0
21,I,-1.731515322051271,0.05135234198591166,0.1600337670483574,-0.6577502989238833,0
21,G,-1.9264431501129935,0.05135234198591166,0.3005772561270939,-0.36402096828488034,0
21,V,0.5003576283560437,0.05135234198591166,0.44739833309985916,0.3357833600268427,1
21,S,-1.112280317975286,0.05135234198591166,0.12366041002102889,-2.2079670292951987,0
21,L,-0.6815664896172617,0.05135234198591166,0.44504440033624565,1.5862706831094824,0
21,N,0.49734202508394276,0.05135234198591166,0.22467721859863538,-0.9160246357175322,0
21,R,-1.927756121172112,0.05135234198591166,0.33875830186484285,-0.22642508566190292,0
21,K,0.20092257085999055,0.05135234198591166,0.23856541088835714,-1.5683458108694515,0
21,Q,-0.38895961655235456,0.05135234198591166,0.0847577949072439,0.03988324826736079,0
22,V,0.08915596376218306,0.6596704790587276,0.28594607020661444,0.5582887221577124,0
22,F,1.6586433662080058,0.6596704790587276,0.18857561951102045,-1.899804739562873,0
22,H,-0.12070552936534956,0.6596704790587276,0.2602086321049999,-0.6872933095177702,0
22,A,-1.331937228049331,0.6596704790587276,0.39542824413932026,-0.7872070554524614,0
22,S,-0.4040354800190766,0.6596704790587276,0.26854526208446877,-0.8931829153370813,0
22,P,2.0049771200922057,0.6596704790587276,0.4147641437495654,-1.68672332547569,1
22,L,-0.6247441051559148,0.6596704790587276,0.1613629360693784,-0.6849459321173764,0
22,N,-0.6660186664421632,0.6596704790587276,0.39988810866546853,-1.4084735141902456,0
22,K,2.70945026504322,0.6596704790587276,0.050389380604413864,-0.27669955002698804,1
22,T,-0.5503766467355655,0.6596704790587276,0.40781856361494445,-0.5796161982150759,0
22,R,1.0179302135839927,0.6596704790587276,0.1414233061984943,1.4783781254716417,0
22,E,1.1211202986044002,0.6596704790587276,0.31631166117534354,-0.5871942603400888,0
23,Q,1.1710305439667839,0.3085164636443942,0.30994880123128876,1.5542101161595687,1
23,H,0.899288567260538,0.3085164636443942,0.10908188619861098,-0.9874929783788241,0
23,F,-1.224010981157372,0.3085164636443942,0.31470492573166736,-0.5168329655904074,0
23,Y,0.0008486490245018796,0.3085164636443942,0.04750380141504496,-1.06355677953922,0
23,W,-0.5451953837318182,0.3085164636443942,0.3348225051902394,-0.1719834539988956,0
23,R,-0.683872169004201,0.3085164636443942,0.17990138938751113,-0.39309067892331173,0
23,K,-0.11014357094770008,0.3085164636443942,0.07904436954343395,-1.1663640224796257,0
23,V,0.714835967053121,0.3085164636443942,0.12360177030849392,-0.21783124008815336,0
23,P,-0.6550204790722223,0.3085164636443942,0.06949424161608161,-0.5566154456616721,0
23,C,-0.1890804679327573,0.3085164636443942,0.007024250937893965,-0.3894365949509105,0
23,A,-0.4149787101690433,0.3085164636443942,0.1370732918846425,-0.01555327318812068,0
23,L,-0.5319671258004068,0.3085164636443942,0.1431491295313701,0.239704621296709,0
24,R,-0.7365393309451547,0.6075938598424773,0.05395777075468525,1.1526647818000566,0
24,V,1.3134619135773504,0.6075938598424773,0.41919103893754334,-0.17697387727276728,1
24,K,1.046744615030251,0.6075938598424773,0.19560166383807812,-1.0648768888459912,0
24,H,-0.9533871029711058,0.6075938598424773,0.3296829131502881,0.17294480349559044,0
24,D,0.5159715104310192,0.6075938598424773,0.15612550409261036,0.2413948582531965,0
24,G,0.32329109491894026,0.6075938598424773,0.11774602475267834,-0.39240458847467197,0
24,E,1.3412488672190042,0.6075938598424773,0.043314895653862845,-0.9446815654197428,0
24,W,-0.3855735803976572,0.6075938598424773,0.04701397849124337,-0.4305084540167728,0
24,C,-0.31600643783311033,0.6075938598424773,0.15255216852061218,-1.086666497783329,0
24,L,0.780089967048777,0.6075938598424773,0.10268784067359216,0.5425830336149764,0
24,F,0.13268248258774018,0.6075938598424773,0.49384930724936865,-0.706518702324268,0
24,P,0.18115864075123284,0.6075938598424773,0.06874867600485586,-0.05266277934274048,0
25,P,0.5414654505561827,0.35691522734621994,0.12546473203410388,0.09585178909326052,0
25,Y,2.34517188695956,0.35691522734621994,0.03459351116466239,0.9344475176464853,0
25,K,-0.1188660900512476,0.35691522734621994,0.0717954309134446,-1.0457273769897157,0
25,I,0.40254362798397086,0.35691522734621994,0.2745503981599915,0.03253481475709576,0
25,V,1.406720969680201,0.35691522734621994,0.15024161157900676,-0.47162071221397295,1
25,H,0.9335649458630848,0.35691522734621994,0.14988774544956288,0.9455275503849921,0
25,A,1.3502250981110593,0.35691522734621994,0.1756068960054471,1.3378825669523462,0
25,F,-0.6975721018917039,0.35691522734621994,0.06649464358173875,0.1481389003530457,0
25,G,1.0196708895426383,0.35691522734621994,0.16729434262773155,0.06586917972792136,0
25,L,0.056920608275097095,0.35691522734621994,0.17346678706647678,-0.18784437134585374,0
25,N,0.9995347939234973,0.35691522734621994,0.11064850417258132,2.031592193247407,0
25,D,-0.13550765749385763,0.35691522734621994,0.3255548510513459,-0.5197218065528668,0
26,I,0.8129173568785476,0.18559498838716676,0.10158933441958004,0.12380104826825901,0
26,P,-0.3502576125473758,0.18559498838716676,0.08306157306851515,1.6104377405287214,0
26,M,0.4719629669766232,0.18559498838716676,0.14290824013664602,-1.1975892455108241,1
26,R,-0.320681204346921,0.18559498838716676,0.08520026991067584,0.7990194733686489,0
26,S,1.7823824922824347,0.18559498838716676,0.20021317214116402,1.0567601543294927,1
26,E,-1.2420329034129658,0.18559498838716676,0.27410827962876616,-0.40450569748884313,0
26,T,-1.0197729895064125,0.18559498838716676,0.3996086216067881,0.6391890463003149,0
26,G,-0.23015588019019412,0.18559498838716676,0.22222716207047127,1.002574049160511,0
26,N,0.4614548452141358,0.18559498838716676,0.08533966819196555,-1.249112965910906,0
26,Y,-0.0676815595009939,0.18559498838716676,0.04675762224605375,0.39602874988594206,0
26,Q,0.037740495993593554,0.18559498838716676,0.1544427368690758,-1.507880424632744,0
26,V,0.5465348166011134,0.18559498838716676,0.5708626699309679,-0.8456301477467206,0
27,P,0.48976787406183275,0.3043055044612555,0.25088705223492125,0.5100329984638009,1
27,V,-0.40488039865901654,0.3043055044612555,0.10203163437044534,-1.6176002631504405,0
27,R,-1.0700319082701284,0.3043055044612555,0.07787443512166095,3.148138653750855,0
27,G,0.8364952596045019,0.3043055044612555,0.09886636167223439,-1.0917520559300893,0
27,Y,-0.09507922872796568,0.3043055044612555,0.09925984442609732,0.0597465313619631,0
27,E,1.1580818250572325,0.3043055044612555,0.2069183178680705,1.1954042991879597,0
27,K,-1.0495568275133862,0.3043055044612555,0.2736247992098573,0.07544900009403648,0
27,F,1.0643821857269147,0.3043055044612555,0.06427522204564355,0.4633957599504301,0
27,C,2.015649055334947,0.3043055044612555,0.14201532052036844,-1.1995756916419236,0
27,S,0.2733479496637031,0.3043055044612555,0.176969949986706,0.13122269006495163,0
27,Q,0.7083242880515745,0.3043055044612555,0.010971020020190512,-1.0241539027899973,0
27,A,-1.247780609500614,0.3043055044612555,0.3392789780424062,1.5641125404866072,0
28,W,-1.273591265199559,0.5214831351563042,0.19133154966667834,0.11577052264971079,0
28,Y,-0.12267924389341367,0.5214831351563042,0.12926076629413033,-0.6749262003203226,0
28,I,0.7568115799164008,0.5214831351563042,0.4854169288941206,0.6015735397635955,0
28,N,-0.7978609933702057,0.5214831351563042,0.4609565917357529,0.7035973807944118,0
28,S,-1.6931640723493493,0.5214831351563042,0.19252324418964306,0.21824034851994384,0
28,R,-2.210730234785032,0.5214831351563042,0.09507124650748132,0.868260391887352,0
28,F,0.36581964028824454,0.5214831351563042,0.049402165488279186,-0.749331170989476,0
28,H,0.941384381486573,0.5214831351563042,0.08441045463566217,-0.13767669847414857,1
28,C,-0.7674654999678773,0.5214831351563042,0.11870571439867844,-0.6415684619330663,0
28,M,0.19582262743324663,0.5214831351563042,0.08149701690673053,-0.7304944613783337,0
28,P,0.2629613766472332,0.5214831351563042,0.18380191579152302,-0.06635604999662813,0
28,E,0.5132873150234398,0.5214831351563042,0.07892292267138168,-2.0083042616903155,0
29,M,0.8754766266407222,0.4408039102357167,0.21933899950762453,-2.2603314469504845,0
29,R,-2.04695182781173,0.4408039102357167,0.34717237487089925,0.2664121797515524,0
29,T,1.6230913140179968,0.4408039102357167,0.2537096627858825,0.153268753030147,0
29,I,-0.2445196867436483,0.4408039102357167,0.13069738047190935,-0.7407734445397961,0
29,F,-1.845091381009002,0.4408039102357167,0.2874015460880108,0.6877193893369612,0
29,C,2.449601750380914,0.4408039102357167,0.41244838685480045,-0.8972498901962916,1
29,D,-1.2684052830975707,0.4408039102357167,0.19173562571565925,0.16426482553508387,0
29,G,1.015832126106865,0.4408039102357167,0.20796618577929263,-0.6575579665435504,0
29,V,-0.858231292075286,0.4408039102357167,0.2238397385561608,0.855768688652615,0
29,K,-0.6538243180597905,0.4408039102357167,0.0311997206592799,1.290527518133697,0
29,A,-0.3595108921551562,0.4408039102357167,0.13299156665722703,-0.836761132932642,0
29,W,1.218741532596192,0.4408039102357167,0.13625763837644705,-0.2797755104862478,0
30,S,0.4331075938362938,0.5320984643025136,0.09169868505937322,1.0544896047821555,0
30,C,1.2514963134958836,0.5320984643025136,0.3293038755369803,0.2524238686470464,0
30,P,0.6389282408950575,0.5320984643025136,0.2925787457120948,0.2717925426286556,0
30,I,0.04163705016164562,0.5320984643025136,0.41091151989490626,-0.8279146503542845,0
30,Q,-0.2564050372720505,0.5320984643025136,0.24821774856501927,2.015832891923969,0
30,M,-1.3962967377109603,0.5320984643025136,0.1674781575963444,0.9980949252420801,0
30,R,-0.8440802134536687,0.5320984643025136,0.06837778388554962,-0.02249927105849099,0
30,G,0.37228581418559686,0.5320984643025136,0.4598325642931317,-1.3900824461260035,0
30,K,0.19269348877151804,0.5320984643025136,0.06188405312213212,0.883873634722829,1
30,L,0.3143808013530161,0.5320984643025136,0.08529353856429255,0.08768933355522605,0
30,D,0.8501775176267485,0.5320984643025136,0.20797182565398448,-0.6703423804071837,0
30,F,0.14925640011403854,0.5320984643025136,0.0826402543022434,-1.3837007629135494,0
31,S,0.24590340116739562,0.3666475733382348,0.21611260887208492,0.176287516933779,0
31,D,0.5869011312710474,0.3666475733382348,0.04843371678931706,-0.37648701939796203,0
31,M,-0.4917099704028554,0.3666475733382348,0.21594029294510983,-0.07641338738879899,1
31,A,0.771584978219332,0.3666475733382348,0.5710454224069735,0.1782182943626417,1
31,H,-1.6098166619060916,0.3666475733382348,0.37249103576441417,0.13903038150941524,0
31,W,0.45236229927373317,0.3666475733382348,0.12383876484363852,0.5967681961293292,0
31,L,0.8709003303699356,0.3666475733382348,0.2602847395658397,0.7104474391610888,0
31,E,-0.6647153660806249,0.3666475733382348,0.18320971228286848,2.164316852488214,0
31,Y,-0.835871718603659,0.3666475733382348,0.039637320922939666,0.719726480783968,0
31,K,-0.4484206560193964,0.3666475733382348,0.24699639562353617,0.3726353102977346,0
31,F,-0.9862373982222898,0.3666475733382348,0.15426867766989807,-0.9488696218988308,0
31,C,0.1133002180261598,0.3666475733382348,0.10399689272467373,0.0268919053518276,0
32,H,-1.5504885220115874,0.40719791961267393,0.26237873029408015,-0.29072394900540344,0
32,D,-0.8028986769128263,0.40719791961267393,0.07892168685302918,0.6073099295714779,0
32,N,-0.7861576777840886,0.40719791961267393,0.04234635086700923,-0.030442887211399913,0
32,R,0.17069047914351465,0.40719791961267393,0.2611114751364831,0.9226688169138206,0
32,S,-0.07233915440598476,0.40719791961267393,0.569114866677754,-1.4485642244432002,1
32,C,-0.5036544134120137,0.40719791961267393,0.09141649882595332,1.0545585109422166,0
32,F,-0.16502746639965582,0.40719791961267393,0.1368765631605006,0.34702978027999776,0
32,P,0.3344591995804741,0.40719791961267393,0.12866581795684232,-0.08702323234356525,0
32,I,-0.9058238352986014,0.40719791961267393,0.04678719517953493,0.021116320024818922,0
32,T,-0.3953320529119879,0.40719791961267393,0.07836987364031542,-1.0781734322673038,0
32,A,0.42076505487614435,0.40719791961267393,0.459372500890366,-0.8957718550187412,0
32,M,-2.336993185750048,0.40719791961267393,0.18240323695490107,-0.9374471678540514,0
33,Q,-0.5532400715410825,0.5608097176745622,0.04687507396058149,-1.7400278001387892,0
33,W,0.4832690331045779,0.5608097176745622,0.2658903291968811,-0.6270332596758856,1
33,N,-0.20475107885922553,0.5608097176745622,0.46281973541108545,-0.6066990421057259,0
33,E,1.0708272188377022,0.5608097176745622,0.46922544730965104,-0.6859754110078202,1
33,C,0.1863093985937155,0.5608097176745622,0.440850475665894,-1.116632178794185,0
33,S,-0.03309384033243186,0.5608097176745622,0.04057566287539659,-0.9179542036291249,0
33,F,-0.8287710452434177,0.5608097176745622,0.10820554294339879,-0.08393210757250268,0
33,G,-0.470004572019603,0.5608097176745622,0.3156374573480288,0.10749558072187526,0
33,R,0.8696117999849096,0.5608097176745622,0.16019409242787772,-0.8299672360741696,0
33,K,0.06301446381717835,0.5608097176745622,0.07218251398515745,-1.7608091816673654,0
33,D,-0.09735298192279511,0.5608097176745622,0.1415053027830724,2.1945743624258736,0
33,H,-0.22725499017168554,0.5608097176745622,0.2886912592423559,2.401647332308271,0
34,I,0.14062870162511293,0.5957046923406423,0.03262437525636706,0.4003585118989163,0
34,T,1.3058810291212608,0.5957046923406423,0.23496601881858567,-1.000370545204959,0
34,G,-0.6709749284363559,0.5957046923406423,0.16517033678534165,1.0230709861662282,0
34,Q,0.6524646948592332,0.5957046923406423,0.1272738908244297,-2.0196125016048723,0
34,D,-1.4514786626316918,0.5957046923406423,0.44304338147723127,1.6392360990878605,0
34,L,0.15693448225464676,0.5957046923406423,0.10963229179723524,-0.18426831921081976,0
34,S,-0.31890478857219123,0.5957046923406423,0.1413172102259299,0.3622405897176733,0
34,P,-0.575394682254557,0.5957046923406423,0.1191367663204754,-0.09745115834501938,0
34,N,1.9992090306654242,0.5957046923406423,0.0018635982326502007,-0.6445771270730992,1
34,H,1.6725330782336658,0.5957046923406423,0.042669783548101296,-0.33503159135544436,0
34,F,1.4948844473172807,0.5957046923406423,0.13582573154249877,-0.45191268708975,1
34,K,1.4774712561792414,0.5957046923406423,0.002871220772078104,-1.3604734036375854,0
35,Q,-0.4159779281919663,0.3321764724544092,0.15015880757815103,-0.5795722769276535,0
35,H,1.0161184120163744,0.3321764724544092,0.3746489350790784,0.34825855069514056,0
35,C,0.9369981406835657,0.3321764724544092,0.04532607437019829,0.4166913746683316,0
35,T,-0.45776239039202843,0.3321764724544092,0.016064239699836075,0.06141691606163593,0
35,S,0.4901048897807891,0.3321764724544092,0.10073035044935669,0.3153729657894087,0
35,A,0.1357617382546453,0.3321764724544092,0.1222665651378276,-0.3677337130496838,0
35,D,-2.1145005192876307,0.3321764724544092,0.32821689513658325,0.5910132047849933,0
35,R,-0.23904967066858496,0.3321764724544092,0.11154607434540335,1.9510721677872758,0
35,E,0.6014945102022937,0.3321764724544092,0.14163524250537599,-1.0226416397994513,0
35,M,1.3784726875956879,0.3321764724544092,0.41585114553796154,1.0711552062379008,1
35,G,0.836703219262231,0.3321764724544092,0.06283945725668255,-0.8542534109968682,0
35,L,0.7781307093091581,0.3321764724544092,0.40015516209499163,0.16435491098948854,0
36,Y,-1.7808468326035598,0.20571328742410264,0.08151833516744592,0.7050978321526489,0
36,T,-0.5934154344784865,0.20571328742410264,0.14889989123948116,0.15414417542014286,0
36,G,-0.6502048687032572,0.20571328742410264,0.15306544590260057,2.387211535238167,0
36,C,-1.5233940697210107,0.20571328742410264,0.16529777664145318,0.09995298894656304,0
36,L,2.7616784136563206,0.20571328742410264,0.19961309226043727,0.4092174005872378,1
36,M,-0.24746541489704688,0.20571328742410264,0.03237791204932226,-1.4829104481387565,0
36,D,-1.1154476622105562,0.20571328742410264,0.15099957344561601,-1.1197678517030292,0
36,V,-1.2461630114561684,0.20571328742410264,0.3204903651526969,-0.4316715980246007,0
36,W,-1.0192207273136602,0.20571328742410264,0.09451093640223068,1.1271913864851009,0
36,P,-1.4896883186737673,0.20571328742410264,0.3401217525494609,-1.2551770179484478,0
36,N,-0.37028548523251587,0.20571328742410264,0.19049255535023263,0.9543805969045855,0
36,A,0.523276170349886,0.20571328742410264,0.5550906520894267,-0.27403986043418815,1
37,V,-0.629633336280518,0.07950376279782562,0.015214089758129063,1.7235977300290997,0
37,L,-0.48687620242640495,0.07950376279782562,0.1357698084031087,-2.544527423876093,0
37,A,-0.2781040031896664,0.07950376279782562,0.5862921033554543,-1.225766117284389,0
37,C,-2.116763616967372,0.07950376279782562,0.5030301562550404,0.9497681980377854,0
37,Q,0.13310813305859934,0.07950376279782562,0.06402839561543405,-0.8288668872680657,0
37,S,0.8948610166052343,0.07950376279782562,0.05511749292232009,1.744380193474164,0
37,I,0.5268629901655467,0.07950376279782562,0.04820090943310868,1.3921020725474555,0
37,F,0.061721868835017374,0.07950376279782562,0.18425054529264617,-1.0473649019626616,0
37,M,-1.3211666751989577,0.07950376279782562,0.16253376169385986,0.8434821789034295,0
37,R,-0.6889849459058552,0.07950376279782562,0.3249240939223126,-2.309430296692904,0
37,N,0.18308959575780062,0.07950376279782562,0.06642258931176537,0.0068535500822809675,0
37,Y,2.0432647011117577,0.07950376279782562,0.015524560480424693,-1.7324841310101642,1
38,D,-1.5065368977406597,0.4245239098569815,0.04241625259427928,-0.5059497784276817,0
38,G,-0.9040349470281623,0.4245239098569815,0.16844273349235966,-0.662816261816396,0
38,W,-1.5393636161769555,0.4245239098569815,0.0727587571534513,-1.675897443561961,0
38,H,-1.7931125870957896,0.4245239098569815,0.14061834764822959,-0.5750296008596302,0
38,V,-2.3821824868053154,0.4245239098569815,0.28758160071655137,-2.049144426962762,0
38,P,-0.9986588037476197,0.4245239098569815,0.141476056454213,-1.590536551165916,0
38,S,-1.6207301542098778,0.4245239098569815,0.07419472999360191,-1.8563921407404527,0
38,L,-0.5531205906630555,0.4245239098569815,0.19828499209387213,0.21539653279310939,0
38,Y,-0.06637743443266975,0.4245239098569815,0.06279234867567617,-0.1485073849502494,1
38,N,-0.886653399038342,0.4245239098569815,0.28184297127716007,-0.025069817584577467,0
38,F,1.0071221659305105,0.4245239098569815,0.3290465491151025,-0.16027152315849305,1
38,I,-1.8769193448337198,0.4245239098569815,0.4948354726293254,-1.6653806327439367,0
39,M,0.5652947824539596,0.18263289058489604,0.37541911746114176,-0.30107226867947706,0
39,Q,1.4503060687712757,0.18263289058489604,0.11209376772331812,0.08080914399911227,1
39,H,-0.6396859446310197,0.18263289058489604,0.10648436202826535,0.8303557707789236,0
39,Y,-1.357333442190646,0.18263289058489604,0.4261683962044396,0.6302657831314666,0
39,F,-1.8512043076049383,0.18263289058489604,0.09447343911394104,0.18871986650113637,0
39,E,-0.6807183798837021,0.18263289058489604,0.04011698836264963,-0.684587231843967,0
39,G,1.0863423820581972,0.18263289058489604,0.04903328286184102,-0.43946639480280486,0
39,I,-1.0204346897193426,0.18263289058489604,0.18392554951509596,-0.4713954106340931,0
39,A,-1.0337737958940263,0.18263289058489604,0.30932874710846814,-1.32393666447471,0
39,P,-1.989542025799458,0.18263289058489604,0.44623281481020954,1.066966666993791,0
39,N,-0.17517283426234873,0.18263289058489604,0.48403302307429713,-0.811450674421006,0
39,V,0.7591569266816118,0.18263289058489604,0.20800260632973064,0.05576565906623127,0
40,I,-0.003077346233213263,0.20822288011940118,0.41064188053577527,-0.7902895136551409,1
40,S,-1.088240862254802,0.20822288011940118,0.2628275876212982,0.4985878477879019,0
40,L,-0.6925932213522445,0.20822288011940118,0.5557471762797208,-0.15926053255308995,0
40,H,-1.6899369758957836,0.20822288011940118,0.15079594213379785,1.0449878238722339,0
40,Q,-0.19874182143158645,0.20822288011940118,0.08665435526209088,1.0697261700303613,0
40,E,0.900724007853113,0.20822288011940118,0.10947947942294596,-0.5946821097667602,1
40,R,-0.07705905194996149,0.20822288011940118,0.1498938273405306,-1.44066416825302,0
40,Y,-1.2177995983616274,0.20822288011940118,0.09798850187360299,-1.5634262078942067,0
40,N,0.10762274738169403,0.20822288011940118,0.13679250587622896,-0.019862269909256384,0
40,D,-1.3128309708118366,0.20822288011940118,0.09520362266857194,-0.15272265795460252,0
40,T,-0.15843076012727347,0.20822288011940118,0.23940129979213878,0.4911277930743177,0
40,A,-0.5867892521656256,0.20822288011940118,0.14615201886461252,0.2655093781024122,0
41,N,-0.8036575957355433,0.5105488744233211,0.15406147248597185,0.9606636788896226,0
41,P,-1.9874662277615043,0.5105488744233211,0.32312267572091197,-0.21893387969914538,0
41,D,-1.4766215796995446,0.5105488744233211,0.2621179331952973,-0.01342261705328969,0
41,G,0.5796130138861668,0.5105488744233211,0.09609879536570556,0.42571167956217204,0
41,W,-1.3004303726513304,0.5105488744233211,0.05941711219421183,-0.31744121690980154,0
41,H,1.5652331066306675,0.5105488744233211,0.22222942934108852,-1.0665716454863634,1
41,E,0.7508994727394738,0.5105488744233211,0.1258100885335381,0.1244823387674686,0
41,L,0.6243416339745999,0.5105488744233211,0.05658226622639417,-0.14508461687728533,0
41,A,1.8106208684083622,0.5105488744233211,0.11738149995248306,1.8297491143146174,1
41,T,1.4450169939762714,0.5105488744233211,0.12813215370521283,1.6571604778040403,0
41,F,0.08882586491047906,0.5105488744233211,0.09314749701401338,0.7750021238511242,0
41,Q,-0.35271808771454305,0.5105488744233211,0.28647912334129866,-1.4203601903295349,0
42,A,-0.8221087865377653,0.39581124723307215,0.10556730169642974,0.7604581700531833,0
42,D,1.1118522328949367,0.39581124723307215,0.5306341841411185,1.7766214373122964,1
42,N,0.237610249453039,0.39581124723307215,0.4240987907286403,0.04963433300767492,0
42,E,1.5220840552270987,0.39581124723307215,0.12005384921771375,-0.45823180986740225,1
42,F,-1.0658183663022172,0.39581124723307215,0.12284202902893587,0.5283265576456647,0
42,Q,-1.5522985141877441,0.39581124723307215,0.2264223023728808,-1.6546093140766747,0
42,I,-0.8693902420322651,0.39581124723307215,0.3130294861692832,0.7607882126314292,0
42,P,0.4035163693151592,0.39581124723307215,0.20240274828356228,-0.3958606090705614,0
42,L,-0.5994187343761654,0.39581124723307215,0.1124898287081742,-3.111363336820356,0
42,C,-1.9593693886953114,0.39581124723307215,0.009770545955526894,0.8514794713416658,0
42,H,-0.7761213180823535,0.39581124723307215,0.382767392930749,-1.111503723411618,0
42,W,-1.3261817120505073,0.39581124723307215,0.041300259242565904,0.862339465584282,0
43,Q,-0.6956921541525637,0.33750324639177715,0.12147875230422749,-0.6694006052342366,0
43,N,-1.0793085044002306,0.33750324639177715,0.13014273147770206,-0.46581271865899926,0
43,G,-0.37298147661100634,0.33750324639177715,0.22227818040851696,0.06151243186372376,0
43,P,0.2092032261526141,0.33750324639177715,0.09082212179615291,0.796810614146495,0
43,I,1.2204569202817344,0.33750324639177715,0.29000736674430644,-0.46021427335252213,0
43,E,1.7872871058621094,0.33750324639177715,0.41179464986534337,-0.17089001420996022,1
43,C,0.2965000020368065,0.33750324639177715,0.1545606571066154,1.6644131531737638,0
43,Y,1.3062131780503565,0.33750324639177715,0.15837919762392227,0.17312714828665743,0
43,V,0.6653614969715254,0.33750324639177715,0.08077219769624636,-1.7021290835590768,0
43,H,-0.9036194047077465,0.33750324639177715,0.05939343119343515,0.2182383160592355,0
43,L,-0.7409599473257146,0.33750324639177715,0.016433138716537565,1.192383862255277,0
43,A,0.49406758263234574,0.33750324639177715,0.14993032101958456,-0.040875790037683095,0
44,S,-0.6504228072135985,0.3749506581931598,0.1514656078468885,0.5339383455247633,0
44,R,0.5942888062752432,0.3749506581931598,0.056880029161049436,0.16475818015642796,0
44,G,0.3576262165903055,0.3749506581931598,0.050569244694632504,-0.7250629238986795,0
44,E,-0.00245486349200702,0.3749506581931598,0.11220664261257116,0.49112672520553574,0
44,T,-2.4487634426139255,0.3749506581931598,0.10178475190873486,-1.3406097789058018,0
44,F,-1.1722222044487787,0.3749506581931598,0.14276713144791892,0.12785295340175776,0
44,D,-1.932304838186307,0.3749506581931598,0.3962869815740672,-0.038558885571692104,0
44,K,0.5213476712239431,0.3749506581931598,0.2765544525611856,0.3355563923106106,0
44,Y,-0.7566233361211522,0.3749506581931598,0.4270297651082304,1.994611144187856,0
44,I,0.6726299820735675,0.3749506581931598,0.41064522338707354,0.456265196661404,1
44,H,1.4212340382599549,0.3749506581931598,0.16619058827251695,-0.42374386439678374,1
44,M,-1.3447048250287559,0.3749506581931598,0.14882770504249648,0.9968460123503416,0
45,K,-0.5063723322838483,0.38141626489978303,0.05401191032378088,0.9514763838152778,0
45,T,1.073646755708912,0.38141626489978303,0.31559657863307217,-0.9918242237488746,0
45,L,0.881361678421486,0.38141626489978303,0.07275176353006634,-0.1313375002747724,0
45,C,1.7441118444985064,0.38141626489978303,0.5360165081407938,0.6527292935991514,0
45,R,0.14504470254615853,0.38141626489978303,0.24442653617471957,1.5592748783005692,0
45,G,0.7683970268708791,0.38141626489978303,0.5191236856185765,0.8981409510440554,0
45,W,3.2165894004941133,0.38141626489978303,0.37542243681450466,-0.42106776283227204,1
45,V,-1.3289603135479557,0.38141626489978303,0.34608748783986326,0.33516974084731394,0
45,H,0.9829555562252563,0.38141626489978303,0.4782644549239404,-2.5941915983932176,0
45,D,1.8862825485851569,0.38141626489978303,0.16861216715962293,-0.3400046444615867,0
45,M,1.578636659742654,0.38141626489978303,0.03611973565121163,0.6867097493840492,0
45,Y,-1.0806028222755202,0.38141626489978303,0.22556457423938048,-0.34679669514588785,0
46,Y,-0.8649714403310724,0.1703284881604929,0.16853828417027764,0.5819549153502893,0
46,A,2.110984847239539,0.1703284881604929,0.23466507676503362,-0.6826493639118173,1
46,I,-0.25479571903209725,0.1703284881604929,0.37753257315275657,1.2913621830409614,0
46,E,-0.3141873064611181,0.1703284881604929,0.05385672852159812,-2.086741577557244,0
46,F,0.5965968492860172,0.1703284881604929,0.24682608505832235,0.6686353106721878,0
46,Q,-0.042829536885815755,0.1703284881604929,0.1253101583084901,-0.04402009316533841,0
46,T,-1.3373523275140413,0.1703284881604929,0.1477576776177199,1.3494839208396892,0
46,C,-0.9927511552623007,0.1703284881604929,0.40450318228338245,-0.5298006136554628,0
46,D,-0.1621435339696372,0.1703284881604929,0.05273338952991249,-0.5033794817033244,0
46,H,-1.1179797717599258,0.1703284881604929,0.0920506878039551,0.8971002657835081,0
46,K,1.2207464467321316,0.1703284881604929,0.08685487589366196,0.2815253768618606,0
46,G,0.1311145587104059,0.1703284881604929,0.33055757162501676,0.6581774904423389,0
47,S,-1.1102842128657526,0.5966201368106527,0.20368955839024194,1.28118020582691,0
47,P,-0.8834536690898084,0.5966201368106527,0.5345841554062237,0.18908322492914845,1
47,W,-1.3889837018698357,0.5966201368106527,0.12027641410882652,-0.18079100311808557,0
47,V,0.5122163792710651,0.5966201368106527,0.23482267087212833,-0.8041476223538612,0
47,N,-1.8783938003104566,0.5966201368106527,0.06421746666849859,-0.2848823856119362,0
47,E,0.26048579115538406,0.5966201368106527,0.005091190975045479,0.9336893195877818,0
47,I,-1.8135409740857171,0.5966201368106527,0.13006273907017823,-1.445320380733812,0
47,A,0.29982145804129157,0.5966201368106527,0.31446902776962776,0.505643652431305,1
47,T,-0.7161785261730265,0.5966201368106527,0.31648593507237854,0.7566655271809519,0
47,Y,-1.0903590275888524,0.5966201368106527,0.15970617463178083,-0.6224795161467438,0
47,D,-0.6063199091374665,0.5966201368106527,0.020801480360663507,0.9553047852441525,0
47,R,-0.684787528574809,0.5966201368106527,0.1572346149847774,-0.27199393187117193,0
48,L,1.2671179446080272,0.5115211523296888,0.09505049603260443,0.5299523774978024,1
48,C,0.00825588869368189,0.5115211523296888,0.050621988589323284,-2.045077145207708,0
48,A,1.0181348163523611,0.5115211523296888,0.016998007842478482,-0.9156041349599913,0
48,M,1.1425571526412548,0.5115211523296888,0.23751010128188935,0.2065519684481072,0
48,G,-0.5604870937910074,0.5115211523296888,0.14951107512150755,-2.4354092731323904,0
48,E,0.23695668187640462,0.5115211523296888,0.2760268966623337,-0.6938250712557871,0
48,F,-0.3269669854608257,0.5115211523296888,0.1693255066652287,-0.47855129197762053,0
48,H,-0.2556421551734931,0.5115211523296888,0.18113458488676154,0.5415917871619645,0
48,T,-0.733730216905378,0.5115211523296888,0.2828566181605727,-0.866145956977886,0
48,S,-0.6978951160789763,0.5115211523296888,0.052919104601081006,0.03585392065847153,0
48,N,0.7557648293993925,0.5115211523296888,0.3575814418280035,-0.06267503989605898,0
48,D,-1.418183235669563,0.5115211523296888,0.19702287506640778,1.2766357672622681,0
49,Y,-0.3093736974988884,0.7095286032026765,0.06925399849606179,-0.2302441998980794,0
49,W,0.7684613834529311,0.7095286032026765,0.23397239369901307,0.7649702033838846,0
49,S,-0.9573349679646053,0.7095286032026765,0.06855819663858269,0.6176852718124729,0
49,N,-0.04392916586701666,0.7095286032026765,0.3902192585261006,0.345924200793742,0
49,T,0.307856166594224,0.7095286032026765,0.0770857918007759,-0.26404150517685265,1
49,P,0.3682067601277509,0.7095286032026765,0.157833388012354,-0.45910003617755746,0
49,A,-1.0213157119472587,0.7095286032026765,0.04181438050419567,-0.13504402074851524,0
49,F,-0.044360519085226174,0.7095286032026765,0.12178181661559516,1.0349051822878472,0
49,Q,-1.1285965143719616,0.7095286032026765,0.36803018825802253,-1.0455256247589564,0
49,M,-2.2822244710320208,0.7095286032026765,0.08611201906546348,-0.8545476577963784,0
49,E,-0.6591047601545776,0.7095286032026765,0.00397633883544889,-0.6473284351918878,0
49,I,-1.1592879489766523,0.7095286032026765,0.22189846163145704,-2.3502925001725226,0
50,S,0.8931497657298101,0.3021343247190941,0.18690944626602604,0.4160924201334983,0
50,F,-0.4163235720784213,0.3021343247190941,0.12822374644930415,1.5287750373341993,0
50,K,-1.6088892941298372,0.3021343247190941,0.19375398642325137,0.6248831424238327,0
50,Q,-0.2558842445979701,0.3021343247190941,0.09680601039173904,0.42973929660845583,0
50,P,0.07336433082238326,0.3021343247190941,0.2746324238323621,-0.19203643392709743,0
50,N,-0.24729969954663467,0.3021343247190941,0.05923508364232368,0.027512510881246063,0
50,M,1.7150219478747135,0.3021343247190941,0.102318338970786,-0.0425115926847241,1
50,G,0.2403040724705107,0.3021343247190941,0.3752739724780665,0.705330295496833,1
50,C,-0.8479603320338643,0.3021343247190941,0.3256798411755326,0.5848778273706591,0
50,H,0.2103425317479855,0.3021343247190941,0.2449476171226803,1.4891651049002395,0
50,E,-0.46840616787544687,0.3021343247190941,0.03604718515646199,-1.0258972275288136,0
50,W,1.0464776567205538,0.3021343247190941,0.08749373240802447,0.79959052885358,0
51,A,-0.21334756316516665,0.21012734186490659,0.24230940037313062,0.872697587893109,0
51,Q,-0.1501834357910971,0.21012734186490659,0.06244713708439397,-0.6340732305779254,0
51,I,-1.3397037699707681,0.21012734186490659,0.322190997356752,-1.0906538848657195,0
51,N,0.14414729125177095,0.21012734186490659,0.1611105709145697,0.6535818968695851,0
51,P,0.31694614323943715,0.21012734186490659,0.15003764714770065,0.38743446669370085,0
51,V,0.1280517589923269,0.21012734186490659,0.1950355474598503,1.3812072713706598,0
51,F,-2.127001896373506,0.21012734186490659,0.04815435310729466,0.30299057994587664,0
51,Y,2.261727731903878,0.21012734186490659,0.3278797657648115,-0.9382046543259948,1
51,C,0.7318326697559756,0.21012734186490659,0.03635359756398727,-0.7145789859252417,0
51,S,-1.3931908995391058,0.21012734186490659,0.2769576842355074,0.022242014371795085,0
51,R,-0.650829227232393,0.21012734186490659,0.22434497468803058,1.9988007667230767,0
51,D,-0.35383362594672607,0.21012734186490659,0.19370313401850012,0.05714103048051912,0
52,K,1.0399527540862987,0.25646733490359963,0.1906231559275746,-0.3759565577210951,0
52,Q,0.537136714925688,0.25646733490359963,0.4161754142088379,-2.0627565638347134,0
52,F,1.7669420682787633,0.25646733490359963,0.16973238026559853,0.14570098832646813,0
52,S,0.3817974246498331,0.25646733490359963,0.08648797595745113,-0.752753386920511,0
52,A,0.41863684401413565,0.25646733490359963,0.3691893697577945,0.8823790100455713,0
52,G,0.5553630645724791,0.25646733490359963,0.1819163131920467,1.2422849967544662,0
52,C,1.4900146870243918,0.25646733490359963,0.15740502274647278,0.5114487236084106,1
52,P,1.1739709918701569,0.25646733490359963,0.2518753450907142,0.16663117511862577,0
52,L,0.7103786114210051,0.25646733490359963,0.3421515313726915,-1.8922180087247158,0
52,E,0.6403624786699996,0.25646733490359963,0.034806793099888066,-1.80032301359481,0
52,T,0.2395272673681389,0.25646733490359963,0.16912471866711926,-0.4837753909131026,0
52,I,-0.20944535517856855,0.25646733490359963,0.0940907563358633,0.01969695409035235,0
53,R,0.7316597323611232,0.15884821780027292,0.11890216961808633,0.19750667197620375,0
53,Q,-0.3279390027271672,0.15884821780027292,0.1206126543780142,1.704511392981544,0
53,S,-0.8884360116871461,0.15884821780027292,0.389278242888253,-1.0719093488661091,0
53,H,0.35695881359514275,0.15884821780027292,0.1198872742283882,1.0452559033115274,0
53,V,-1.3036180779738722,0.15884821780027292,0.15956773376675654,0.08866921313528464,0
53,D,-1.5761600878355346,0.15884821780027292,0.1561270097998135,1.587674260182447,0
53,K,-1.54534335584208,0.15884821780027292,0.055164305434639516,-0.4512835779321243,0
53,P,-2.4530422838617474,0.15884821780027292,0.0030461814428036386,-1.7082201962313803,0
53,I,0.7833690536174062,0.15884821780027292,0.10943496339912495,0.1524358428065178,1
53,M,0.027459303709471035,0.15884821780027292,0.10249611529902937,-0.2436355150129188,0
53,F,0.5636902198598897,0.15884821780027292,0.23986823754914144,-0.8082439919395291,0
53,Y,1.28708506079813,0.15884821780027292,0.39195082992617086,-0.4595718682969197,1
54,W,-0.7557915474067147,0.06222884722173445,0.17884439391391546,0.86959797449573,0
54,F,0.2461953003602287,0.06222884722173445,0.09136175005766238,-0.5951306979309751,0
54,I,0.8627180020457252,0.06222884722173445,0.010963888262706289,-0.417080244856397,1
54,D,1.8373318296124845,0.06222884722173445,0.5020563014129048,-1.2084675309498907,0
54,P,-1.5028880421347384,0.06222884722173445,0.348250171828098,0.458513157379367,0
54,Q,-0.11576224581553546,0.06222884722173445,0.14586494312185086,-0.49257909560774316,0
54,S,1.5993811581571955,0.06222884722173445,0.16338772935412177,0.5472027535477995,0
54,E,1.3835989954250847,0.06222884722173445,0.020249262080008566,0.10668667925868171,0
54,K,1.1899011111163582,0.06222884722173445,0.03771135251853341,0.8527803415912049,0
54,T,0.8657596493043689,0.06222884722173445,0.3708569541428821,-0.5921215084022176,0
54,H,-1.6302918473492674,0.06222884722173445,0.2746337711781412,0.0055835168743357845,0
54,R,0.868008733681757,0.06222884722173445,0.17276682989764658,-2.3047607460804067,0
55,T,1.1293713353234565,0.19790673578962734,0.30328497150232797,-0.5739494901054344,1
55,V,-1.7169953617695342,0.19790673578962734,0.0778397858853887,-1.762823545994428,0
55,N,0.9295215133838176,0.19790673578962734,0.01750590031439416,0.5394983111693948,0
55,W,-0.060484876679232524,0.19790673578962734,0.2158778077910448,-0.21446851928349694,0
55,F,0.3127168205563705,0.19790673578962734,0.12394247678796795,0.23750559711181538,0
55,C,-0.06285531188168914,0.19790673578962734,0.1557527827811929,-0.9907683822055048,0
55,A,2.0536243466297575,0.19790673578962734,0.3096464800020191,-1.4480772833134834,0
55,Q,0.31638679585527985,0.19790673578962734,0.2069550599857721,-1.673809862378943,0
55,H,0.9029301621560749,0.19790673578962734,0.29480207919692825,1.4445138131788675,0
55,P,0.3204460406690209,0.19790673578962734,0.12777078538108771,-1.481789076683086,0
55,R,0.5605161688216427,0.19790673578962734,0.18386779609860285,1.4885958169582836,0
55,K,-1.0938022612003429,0.19790673578962734,0.42510752794041046,-1.0041425656778329,0
56,N,-0.8279923296096079,0.4461472264142092,0.1283199460842971,-2.0592023524050536,0
56,E,0.5075219055131186,0.4461472264142092,0.23185993196026264,-0.3324802855381297,1
56,R,-1.0691623976222977,0.4461472264142092,0.021683490430969378,0.021972506298261384,0
56,V,-0.6515386137378755,0.4461472264142092,0.2771598285135789,-0.809652322593839,0
56,M,-0.8641212351368319,0.4461472264142092,0.3990553823706491,-0.3282642781884368,0
56,K,-0.8945040971183174,0.4461472264142092,0.07372186010760266,1.0377900733861982,0
56,A,0.3264402306149298,0.4461472264142092,0.2793444766229993,2.4048526174151603,0
56,P,-0.6807218861902736,0.4461472264142092,0.10469212818341743,-1.9805682134059266,0
56,H,-2.0499668732861496,0.4461472264142092,0.1325670443783514,0.367672061205808,0
56,F,-1.6187029047673942,0.4461472264142092,0.17815948758424796,-0.012056774242347194,0
56,W,-0.7785307942798518,0.4461472264142092,0.20241081150638565,0.12363983256198163,1
56,Q,-0.281278330385327,0.4461472264142092,0.13201482679858142,0.8017739839649827,0
57,G,-2.2205287021816233,0.4564510749380173,0.04882199749881781,-0.1137886343124333,0
57,E,2.145767597851554,0.4564510749380173,0.07844488466603552,-0.3709406248695956,1
57,N,0.14806455307780653,0.4564510749380173,0.34575660612712195,0.16045813731623795,0
57,Q,-0.7715246492672119,0.4564510749380173,0.2925084352352093,0.12832976171960914,0
57,L,0.6288061293357129,0.4564510749380173,0.18412871199259523,0.7770350916811576,1
57,S,-0.29933059946901086,0.4564510749380173,0.3435851638074481,-1.6490964090759972,0
57,V,-0.8893057100141494,0.4564510749380173,0.28887351451856297,1.359603802227077,0
57,W,-0.7044033043725205,0.4564510749380173,0.2866573943293354,-0.38305933037077444,0
57,F,0.34018974825396214,0.4564510749380173,0.21720680514322338,1.1431991900142833,0
57,P,-0.38531330803123104,0.4564510749380173,0.2671366544285741,-0.505277895161858,0
57,I,-1.243373209856226,0.4564510749380173,0.22314796968304293,0.7249220337482397,0
57,Y,-0.11487812603006226,0.4564510749380173,0.05139805172185422,-1.826378066248565,0
58,E,0.7187232268865065,0.11896456113961873,0.19309009397057028,0.30435314977298034,1
58,A,2.0151962470775926,0.11896456113961873,0.43954062316054293,0.01813116301448135,0
58,G,0.6655471991419739,0.11896456113961873,0.30175120495534846,-1.356767190733155,0
58,Y,0.5727870118491285,0.11896456113961873,0.413053117666225,-0.1229164666467122,0
58,R,-0.2715097325958048,0.11896456113961873,0.15100872571821597,-0.08867749741198515,0
58,S,1.8882876674115807,0.11896456113961873,0.06616178002846204,-1.0314722072404523,0
58,V,2.710204425442551,0.11896456113961873,0.1007241165193773,0.5823412912099418,1
58,H,2.1665409781330207,0.11896456113961873,0.2499850423146992,1.195109006887656,0
58,P,0.8516640677087772,0.11896456113961873,0.2467416247383587,-0.8131701093058008,0
58,M,0.4777015059795235,0.11896456113961873,0.045259884987542284,-0.282443598294369,0
58,D,1.0372248277612357,0.11896456113961873,0.12305774443667773,-0.5791421871937458,0
58,T,0.8047676498129468,0.11896456113961873,0.051424459415866784,-0.30387252942635384,0
59,G,-0.8683092089631279,0.4017322826865337,0.537523047387885,1.3539967790754188,0
59,K,1.0695952176524566,0.4017322826865337,0.16291432406778072,1.0328680227581175,1
59,E,-0.20899848165857463,0.4017322826865337,0.0950084056897087,0.08344284632939153,0
59,S,-1.3177751460146503,0.4017322826865337,0.10228755621507936,0.7888110657930932,0
59,A,0.46348691808400744,0.4017322826865337,0.256478997079039,-1.6821476011467826,0
59,N,-1.098925995863023,0.4017322826865337,0.20306047051672288,-0.8962865739634094,0
59,H,0.3773562160842977,0.4017322826865337,0.12742067594594958,0.28051027181450405,0
59,P,-0.20904925810469818,0.4017322826865337,0.15449704858140384,1.2485599208952411,0
59,I,0.16916972122241322,0.4017322826865337,0.13351482884290553,-0.22847921458760154,0
59,T,0.4121779000870749,0.4017322826865337,0.4851315339723391,-1.541210162573658,0
59,V,-0.24479298788499423,0.4017322826865337,0.10512254130857782,-0.16426981405430227,0
59,D,-0.2566117156322908,0.4017322826865337,0.19047070281194173,-3.240106096212498,0
60,G,1.5936736490998555,0.21779188653799803,0.2802872235180635,-0.1284308881662851,0
60,C,-0.04968351638805171,0.21779188653799803,0.4027798712899185,-0.052710947593886566,0
60,T,-0.4782511672486973,0.21779188653799803,0.41654810225373223,-1.2294003049177527,0
60,F,0.02747143507070693,0.21779188653799803,0.25342315803266674,1.042919093503585,0
60,W,1.9948554795156812,0.21779188653799803,0.07157055494660627,-0.49454209803297255,1
60,Y,-1.6261731168826778,0.21779188653799803,0.06928647926138079,-0.20099668311989985,0
60,P,-0.07561848010314168,0.21779188653799803,0.24970389202611895,1.1242158363287775,0
60,E,1.1243111488508473,0.21779188653799803,0.3756887607769993,0.9163848745394767,0
60,L,0.658198430469014,0.21779188653799803,0.26566058386762426,-1.6585152103466674,0
60,S,-0.5583623684930508,0.21779188653799803,0.2732814920448401,0.038085164338352843,0
60,N,0.8265739208844609,0.21779188653799803,0.2581821134054989,0.18954167883885445,0
60,M,-2.634029423447441,0.21779188653799803,0.09660242304740953,0.4239104365957539,0
61,E,-1.6379957585447134,0.11336633869704112,0.5647131058895416,-0.8990843265846195,0
61,Y,-0.6613943900394786,0.11336633869704112,0.13708905816900113,-0.2446400675392772,0
61,L,-1.0109844992150236,0.11336633869704112,0.49842512335741535,0.5267119005246835,0
61,A,-0.012899327086812407,0.11336633869704112,0.02654602845296884,0.4294682136886134,0
61,G,1.697040039775398,0.11336633869704112,0.22724916658895383,0.1986355559831238,1
61,M,0.7299217762424931,0.11336633869704112,0.16664019582572392,0.3599925345513328,0
61,N,0.5407109142345177,0.11336633869704112,0.13656426555526138,-2.4237570888705138,0
61,F,0.20357622036128797,0.11336633869704112,0.0532337442418321,-0.1966217309476944,0
61,H,1.0499059801256827,0.11336633869704112,0.07263927436607084,-1.0368485607757372,0
61,P,-1.5666816686991525,0.11336633869704112,0.15017737956281094,1.6008638112306595,0
61,S,0.712990011648503,0.11336633869704112,0.12391805848048489,-0.0013226292115992868,0
61,D,-0.8272052693384141,0.11336633869704112,0.3275148643098226,-0.645280194609302,0
62,P,-0.7211847138206049,0.32811877801673184,0.24935871126139855,-0.09948393531173459,0
62,H,-1.4648011756630948,0.32811877801673184,0.1458096445516988,0.45989151388334587,0
62,A,-2.082797030416046,0.32811877801673184,0.20366002976386952,-0.3976736589645514,0
62,E,-0.44593795980618656,0.32811877801673184,0.06602969509163378,0.07181782329703956,1
62,V,-2.1148089594915356,0.32811877801673184,0.06885071607576197,1.074897245108833,0
62,I,-1.0560364373677134,0.32811877801673184,0.02930849790119704,-1.5580496645238444,0
62,G,-0.6132697601465462,0.32811877801673184,0.031655504307261016,-0.3308714856245393,0
62,W,-1.910009194527774,0.32811877801673184,0.5428860396992607,-0.7833213887606578,0
62,K,-2.7570462554113595,0.32811877801673184,0.061739533456530195,0.31552171031763915,0
62,T,-1.6377253152245241,0.32811877801673184,0.20047880365192722,-0.49540390901451137,0
62,D,-2.296105877187972,0.32811877801673184,0.08004832994020328,2.0192269324995946,0
62,L,-0.07519311324050681,0.32811877801673184,0.0845814663962414,0.514426583316583,0
63,E,-0.5042403600885809,0.3968654449663092,0.32298198319993265,-0.916566896115845,0
63,Q,1.2065023623105602,0.3968654449663092,0.1599387925395882,-0.9550149944259239,1
63,P,-1.608472523883921,0.3968654449663092,0.5416200737257111,0.2766569606633999,0
63,D,1.1835694030650163,0.3968654449663092,0.04576148512267108,-0.9865782259666128,0
63,M,0.8729634710655358,0.3968654449663092,0.4065155056664566,-1.6014739122599144,0
63,V,-0.6760750499642203,0.3968654449663092,0.015051943336061004,2.2060437770538646,0
63,F,1.146136575993864,0.3968654449663092,0.3943082885866835,-0.41937005120672816,0
63,C,-0.16463751949407385,0.3968654449663092,0.10576756639575055,-0.4274076922026876,0
63,G,0.17532567183034017,0.3968654449663092,0.3013871517707978,0.7202144695535125,0
63,T,-0.5663828182902012,0.3968654449663092,0.5394984872780848,0.7949470398365747,0
63,H,-0.4657437617365868,0.3968654449663092,0.4066294484009807,-0.7009044354245767,0
63,Y,-1.20201805688018,0.3968654449663092,0.15218790446325592,1.0193339546208162,0
64,P,-0.12541675647712502,0.03490136952773457,0.39177599540865304,0.9081425989656929,0
64,Q,-1.9042785841000072,0.03490136952773457,0.16516927186365665,-0.694955175557982,0
64,G,-1.5974554411653932,0.03490136952773457,0.06918999373741481,-1.2726372173351805,0
64,Y,-1.1582691359465875,0.03490136952773457,0.41347154437502764,0.016167088600792485,0
64,H,0.9566601009335607,0.03490136952773457,0.17900881859781373,0.08346121616516597,0
64,C,0.13758087077830505,0.03490136952773457,0.16480701637619302,-1.0459181542102478,0
64,E,0.7189747204348544,0.03490136952773457,0.07435322325235894,-0.3819620208087084,0
64,M,0.6080137061363726,0.03490136952773457,0.34130961249656017,0.9493847803237939,1
64,L,-0.9834563467784343,0.03490136952773457,0.24097440841948048,-0.814358266715736,0
64,F,-0.314056914333532,0.03490136952773457,0.13282380185533516,-0.9578101624450821,0
64,K,-0.11310551198499447,0.03490136952773457,0.4054935086042083,0.7159360506449758,0
64,T,-0.07223481060308268,0.03490136952773457,0.3780639875454383,-0.1732029276565191,0
65,K,-0.3348418943201339,0.4823383029843612,0.23051832107589842,-0.8026215818626121,0
65,P,-0.48050801956186623,0.4823383029843612,0.44824428743631334,1.3349549868915844,0
65,H,0.1614536384238221,0.4823383029843612,0.3033079319764917,-0.4101499000782031,0
65,A,-0.43095416072556325,0.4823383029843612,0.1143838092385618,-0.5442656230306723,0
65,D,-2.0535945788128185,0.4823383029843612,0.17399598276900208,-0.5682854634165525,0
65,Q,-0.1643062729443328,0.4823383029843612,0.1549765170495547,-0.26647692383106125,1
65,T,-1.0735057181337413,0.4823383029843612,0.2259264152897425,-0.610324389548594,0
65,V,-0.7990238675084774,0.4823383029843612,0.07685212804932157,0.5098997781301098,0
65,R,-0.45525512773206933,0.4823383029843612,0.016209831777728747,-0.8200714427901403,0
65,C,-0.09814714941247832,0.4823383029843612,0.25395663761244114,-0.27040593937558227,0
65,L,-2.665867365926179,0.4823383029843612,0.07959503006484028,1.6412077006496513,0
65,E,-1.073329307009455,0.4823383029843612,0.2460427217258237,-0.5995023375280443,0
66,I,-0.02845033830879684,0.12131934428808187,0.17603609641883944,0.16631512378489696,0
66,D,1.3030082689645794,0.12131934428808187,0.1277751681245184,0.3656466690896944,1
66,Y,0.5823313718320943,0.12131934428808187,0.25800296527916844,0.6565514614119844,0
66,K,-0.6363808541425342,0.12131934428808187,0.4227465803838732,0.23658649075934055,0
66,L,-2.300278171693935,0.12131934428808187,0.12835845489702483,0.24906156262343226,0
66,F,-0.5514052720255975,0.12131934428808187,0.24382190248264243,-0.63244165615455,0
66,W,0.2364150578147247,0.12131934428808187,0.06986879956037996,0.07406179974335624,0
66,N,-0.34388900690262447,0.12131934428808187,0.16756914972699716,0.7904938733446989,0
66,Q,-0.5506140274322462,0.12131934428808187,0.10116833162304996,0.9217762309219181,0
66,P,1.7490926561686817,0.12131934428808187,0.04820542435683616,-1.0414280304834538,0
66,A,-0.18396622234106025,0.12131934428808187,0.06200225926765902,0.8645401634857397,0
66,R,-0.059120405382726296,0.12131934428808187,0.5547503223950795,-0.32202165059868965,0
67,V,0.3760351108547546,0.1275684540240074,0.1335183610341025,-1.4148706789887162,0
67,R,0.8154426693750358,0.1275684540240074,0.028151350671175173,0.2571950261223637,1
67,C,-0.1757542323467146,0.1275684540240074,0.06472744973751296,-2.118364124140252,0
67,P,0.2530485268726239,0.1275684540240074,0.5959792755301314,-1.101507817903711,0
67,N,-0.8685635388881131,0.1275684540240074,0.03464577139982354,-0.6159359858473921,0
67,E,0.11703882389577969,0.1275684540240074,0.1388505832933864,-0.15592185625506796,0
67,G,0.5741138346700163,0.1275684540240074,0.08482003156127584,0.17569246671719446,1
67,A,-1.6873156135908354,0.1275684540240074,0.6006371427035896,2.214372913187653,0
67,F,-0.7423651991031145,0.1275684540240074,0.17977925316020663,-0.3219736413501182,0
67,D,0.19013448471072458,0.1275684540240074,0.4339015934142947,0.5884504606543168,0
67,Y,1.1151137108199656,0.1275684540240074,0.22964878480892706,-0.5138854449982128,0
67,W,-0.18802167141092263,0.1275684540240074,0.12503530418566924,0.04227654861281902,0
68,A,1.0409970994874675,0.3055751040739203,0.48245681780626665,-0.035957785921755504,0
68,K,-0.2886060991545831,0.3055751040739203,0.3398824212006683,1.1507724483168738,0
68,S,0.9758171288841351,0.3055751040739203,0.08270147561492872,-1.1344193694207616,0
68,P,1.3555461395783113,0.3055751040739203,0.039714794998394844,-0.02694488653788137,0
68,C,1.0862009672420805,0.3055751040739203,0.3824113636832767,0.07790339760591797,1
68,G,0.789195250361152,0.3055751040739203,0.28771083661551333,0.6863148546592424,1
68,R,-0.9101807176852679,0.3055751040739203,0.2318354829806752,-1.0746948857943341,0
68,L,1.1091292064341822,0.3055751040739203,0.4289396104079431,1.0530574936479922,0
68,Y,-0.5598203991231112,0.3055751040739203,0.13200467738656496,0.10104175249077593,0
68,D,-0.5579871275699722,0.3055751040739203,0.055203113323763715,-0.31926634265405124,0
68,V,0.6808007327795831,0.3055751040739203,0.4841910516301119,0.869003356816295,0
68,W,1.9013770433907828,0.3055751040739203,0.10672550611982515,0.21920276263024543,0
69,I,-0.4307262061218431,0.35639928145703714,0.09247042854365264,-1.3162188080395805,0
69,G,-0.49501644661028305,0.35639928145703714,0.11328705634110013,-0.16270555441106418,0
69,F,-0.5602281211580962,0.35639928145703714,0.4684538390555711,-0.7292936699753002,0
69,S,0.03036846497657905,0.35639928145703714,0.22559515357729684,0.27511008024621364,0
69,Y,-0.08531525179552608,0.35639928145703714,0.3183555336974773,0.7856952929436926,0
69,M,-1.4033148215996143,0.35639928145703714,0.1488399530165574,0.42205656109804296,0
69,R,1.4508992544092483,0.35639928145703714,0.04254236353250678,0.31976258284211373,1
69,A,-1.6397013143938977,0.35639928145703714,0.0505103538214836,-0.44360415459275987,0
69,C,0.6905893390087008,0.35639928145703714,0.3063474847175721,-1.2157806068784913,0
69,P,-0.8380630923127645,0.35639928145703714,0.06926907702902754,-0.08319422102185065,0
69,L,0.47272397349145384,0.35639928145703714,0.08929050207418417,0.12200593495326685,0
69,W,-0.11268006080565417,0.35639928145703714,0.16457907910101593,-1.5899128578019082,0
70,N,-1.344608439145168,0.4847100326035336,0.21547736236793766,0.40221620078738024,0
70,S,-1.2172898671773247,0.4847100326035336,0.07873857231794582,0.5750769375481412,0
70,P,-0.23853409764999814,0.4847100326035336,0.2535675829269705,-1.8678941027585279,0
70,K,0.7250342606286095,0.4847100326035336,0.33296209525809006,-0.48104559938417424,1
70,L,0.09453157990928701,0.4847100326035336,0.07384182584307367,2.2200425508043127,1
70,M,-1.4291250255194283,0.4847100326035336,0.14661876351271066,-1.0027505558387573,0
70,I,-0.5682743931260983,0.4847100326035336,0.2992789608493304,0.43399400087494533,0
70,C,0.6273187194993998,0.4847100326035336,0.07009757780962791,0.7720323687761957,0
70,Y,1.0107690980081503,0.4847100326035336,0.04010868939604665,-1.1285423138656407,0
70,E,-0.32715591401992095,0.4847100326035336,0.13999942058178097,-0.028684607797390745,0
70,F,0.000683623929743804,0.4847100326035336,0.025899013130587865,-0.25471176834674353,0
70,H,-0.7825145496560932,0.4847100326035336,0.2792692284128466,0.3151102825486383,0
71,T,-1.6677152881143356,0.499537220747772,0.09779497096341068,-0.952697422374645,0
71,G,-0.8159514876338572,0.499537220747772,0.19118072399216854,0.45080356564696394,0
71,N,-0.44494653206650747,0.499537220747772,0.2814496576228472,0.8483978044712268,0
71,L,0.4949347663314434,0.499537220747772,0.11016514730924735,-0.20802974502931804,0
71,W,-1.4539854940142731,0.499537220747772,0.2416935552484098,0.8130631963658811,0
71,P,-0.32447624690557275,0.499537220747772,0.15490109406740757,-0.20094440682335096,0
71,S,-0.5543335459366832,0.499537220747772,0.08206481100731366,1.829186138924845,0
71,Q,-0.9310765334521229,0.499537220747772,0.17951992920527307,-0.3635714531913671,0
71,C,0.2661423982582757,0.499537220747772,0.5782827479910172,-1.3574710783719035,0
71,Y,-1.0124664094049944,0.499537220747772,0.08477249466545993,-0.5909295134891689,0
71,F,1.6426885563579718,0.499537220747772,0.26519294781444464,-0.03693448766773834,1
71,I,-0.48612921075739635,0.499537220747772,0.05727766516372594,0.9129418366179713,0
72,Y,-0.8703602134270766,0.48337052595484425,0.05287566101663258,-0.16796709188433853,1
72,S,-1.2204163089014206,0.48337052595484425,0.32119827166896187,-1.5394812060668872,0
72,A,-1.3958445777695905,0.48337052595484425,0.1735432603773667,-0.09851610163949963,0
72,V,-1.6846514222321187,0.48337052595484425,0.03671768931204541,-0.14703090863461085,0
72,Q,-0.42704344626786317,0.48337052595484425,0.021168029256842923,0.16989114059833157,0
72,M,-0.319296856577024,0.48337052595484425,0.12644782721270692,0.4402876397323771,0
72,D,-1.4557190955635555,0.48337052595484425,0.09550504092874498,-0.024091660120607126,0
72,H,-3.2301803196490404,0.48337052595484425,0.3748728616616342,0.20046343767387462,0
72,W,0.08436074905737562,0.48337052595484425,0.3005989505248107,-0.5196581886259074,1
72,L,0.05785541167947844,0.48337052595484425,0.2151678845716447,0.2884745232951227,0
72,K,-1.544129143049178,0.48337052595484425,0.2405481152904053,1.4171677433289405,0
72,I,-0.5816316210395521,0.48337052595484425,0.1320802310199862,-1.5401215844679188,0
73,N,-1.958483884222552,0.33125006647499056,0.2580134707364778,0.3400460396844553,0
73,A,0.754485935348953,0.33125006647499056,0.17364729039791535,0.0993031509773,1
73,P,0.1778332806559946,0.33125006647499056,0.33857670624026964,0.3091888781055981,0
73,Y,-0.7971045505248606,0.33125006647499056,0.26098280834594184,-0.6995729515894481,0
73,R,-0.9819325577741835,0.33125006647499056,0.1615609041503972,1.7089686116755372,0
73,M,-1.8109917791492463,0.33125006647499056,0.1573578843406185,1.0065624414757524,0
73,Q,0.058799585331940074,0.33125006647499056,0.020515190750035925,-0.5031542220953029,0
73,D,0.22596236811614687,0.33125006647499056,0.09162347462604155,-0.31869470417709567,0
73,H,-0.39994551137274875,0.33125006647499056,0.0839067550273042,-0.362516003251142,0
73,L,0.04056645598009051,0.33125006647499056,0.2997591077173976,-0.5534883614231542,0
73,K,0.8864088245517499,0.33125006647499056,0.2659784603715592,-0.12477926263120308,0
73,V,0.11258788427410635,0.33125006647499056,0.23988110263987936,-0.42502732871794174,0
74,Q,0.0419705576911793,0.021899475627198385,0.3608634252177622,1.4872759065549441,0
74,F,-0.12314137011155893,0.021899475627198385,0.31245270249836005,-0.08070126237256098,0
74,M,0.38346530157600145,0.021899475627198385,0.07514198979487657,0.9508305306786433,0
74,A,0.9342433694221962,0.021899475627198385,0.17870344775634958,0.23595612099264046,1
74,D,-0.512156929008103,0.021899475627198385,0.1700934074042632,0.5203757292141873,0
74,S,0.30877665143082245,0.021899475627198385,0.10003795112898171,-0.7860034983995347,0
74,E,-0.8084497912394051,0.021899475627198385,0.26593347193558187,0.8244122790838154,0
74,I,-1.1747487424949314,0.021899475627198385,0.29015544757115935,-1.8329130094784776,0
74,K,-0.7291759677890359,0.021899475627198385,0.049664852733182725,-0.21705443829821366,0
74,L,0.3707355857476434,0.021899475627198385,0.20750155172343265,0.5989473971601583,0
74,C,-0.04955241151063594,0.021899475627198385,0.3861926554399843,1.7685351012805985,0
74,P,-0.056802992173728195,0.021899475627198385,0.10768079992043143,0.6956980703372879,0
75,R,-0.6553192891779143,0.23468017806061764,0.15904498031335976,-1.2511868647576894,0
75,P,-0.3127179308360485,0.23468017806061764,0.2635843419334775,-1.6142030059711092,0
75,G,-0.5061055449504658,0.23468017806061764,0.5341075173778974,0.20033024818528716,0
75,V,0.6539340331576924,0.23468017806061764,0.2853284429045079,-0.9298327345515697,0
75,K,0.14633504267604175,0.23468017806061764,0.07701338467041882,0.30533498071638815,0
75,I,0.9253159861872327,0.23468017806061764,0.12477484551736784,-0.1343444866335702,0
75,Y,-0.5936305586914854,0.23468017806061764,0.6317512102279902,-0.5227318142891334,0
75,Q,0.30386800459594654,0.23468017806061764,0.12122428586363206,-0.20717269092987853,0
75,C,0.7042479016247833,0.23468017806061764,0.0534882800275618,0.6870347752843415,0
75,T,-0.11467969202466605,0.23468017806061764,0.085272594917088,0.35865158395104757,0
75,S,0.6495055596578427,0.23468017806061764,0.08370700017473771,0.6888758651431998,1
75,N,0.39270815075520243,0.23468017806061764,0.0845690619178205,0.31811838455739333,0
76,Q,-0.18032466342597686,0.4445232996154453,0.08234687875205803,0.056507028597194794,0
76,A,-1.893539616491658,0.4445232996154453,0.5147939717887857,0.1560783953804936,0
76,G,-0.2817440866383653,0.4445232996154453,0.12114971623620444,1.9547222491641005,0
76,W,-1.2173271110912816,0.4445232996154453,0.11616992856284775,0.22240206240364427,0
76,L,-0.9478825557694576,0.4445232996154453,0.146553554326193,0.7363302133775051,0
76,N,-0.9103145170276798,0.4445232996154453,0.43411803211103056,0.9502209171790649,0
76,H,1.08719235058621,0.4445232996154453,0.16840827621075763,0.5595903003054135,1
76,E,1.5258291794984273,0.4445232996154453,0.3844589386464166,-0.3843275162797811,0
76,S,0.6437581798955316,0.4445232996154453,0.10875248684708623,-0.05333711124753127,0
76,C,-0.6058318881613285,0.4445232996154453,0.14564670257410153,-0.7042931299059496,0
76,D,-1.5395300088348103,0.4445232996154453,0.09332987247597342,0.4780933010643318,0
76,Y,1.155713769936471,0.4445232996154453,0.39050408379961044,-0.3344563680072826,1
77,Y,1.6339084660210506,0.15318565735671102,0.08707840866472795,0.14791350706170403,1
77,P,0.09890671916766633,0.15318565735671102,0.08172182579773092,0.7099931254565469,0
77,D,-0.26367025282417583,0.15318565735671102,0.03558472698255259,0.5014009398089457,0
77,Q,-0.3728091761927271,0.15318565735671102,0.13574058749209006,-0.3967526056455421,0
77,A,-1.2872452056570929,0.15318565735671102,0.02908541099013434,-0.8087565202317667,0
77,V,0.7491591194144431,0.15318565735671102,0.06226164201494759,-0.79461645956913,0
77,E,0.18670840301024297,0.15318565735671102,0.24577054532004672,-0.960373643687903,0
77,S,1.0806517692130402,0.15318565735671102,0.06110676562051949,-0.3076048448129145,1
77,M,0.7707551021386505,0.15318565735671102,0.12818866253434205,2.6932605591945693,0
77,R,-2.2484310202223505,0.15318565735671102,0.1035333681640504,-1.1759738280772352,0
77,L,-0.0385202264801045,0.15318565735671102,0.09729061572225017,-0.009601331804735817,0
77,T,-0.7711846507867239,0.15318565735671102,0.10667576014479628,-0.26949882302761774,0
78,S,0.11576487376942467,0.6818210713676536,0.07964798965416582,-1.8317435142684548,0
78,P,0.34782756876906484,0.6818210713676536,0.2706795232632518,0.48930666285095226,0
78,D,1.0779160586547853,0.6818210713676536,0.13521256822579952,0.5162081815738807,1
78,M,0.9117183981921216,0.6818210713676536,0.029972063074898234,-2.4587452637033946,0
78,H,0.9503429837980363,0.6818210713676536,0.3697343147560168,0.7957567612886585,0
78,L,-0.17167925751909063,0.6818210713676536,0.23495443030240365,0.25609057053293105,0
78,I,1.0189124723519223,0.6818210713676536,0.15060702798920006,0.4478041765001946,0
78,Q,1.3483166759281622,0.6818210713676536,0.002885361099996915,-2.2168715119439724,0
78,Y,-0.025394448493718677,0.6818210713676536,0.13753624318824972,0.5601404867762639,0
78,C,-0.91701977512745,0.6818210713676536,0.07229170639682175,0.9083049179885853,0
78,W,-2.9749944399232087,0.6818210713676536,0.13472987477474735,0.4223193437182048,0
78,V,-0.03031687603264646,0.6818210713676536,0.03914435771300057,0.6121734116760448,0
79,S,0.1843839785433669,0.11761209646373139,0.00896399460304478,-0.8273371270572288,0
79,M,-0.5004617844056573,0.11761209646373139,0.13708604145810327,0.6195637977223076,0
79,R,1.694623303739116,0.11761209646373139,0.26579302841037994,-0.5112533820947414,1
79,Y,1.679845586454671,0.11761209646373139,0.04791074491194683,0.2816627131944602,0
79,D,1.4355609689114393,0.11761209646373139,0.22448155952240315,-1.1094106338107068,0
79,A,-0.9445707484038164,0.11761209646373139,0.3340067435516324,-1.2026307586808085,0
79,E,0.8694817854593456,0.11761209646373139,0.20771763009008512,0.7546365249299077,0
79,T,1.5132315119543747,0.11761209646373139,0.12691349135802177,1.0102812346749133,0
79,Q,0.9470229015400629,0.11761209646373139,0.06454453140208419,0.8138879984071564,0
79,L,-0.659595409939578,0.11761209646373139,0.24427085868855902,0.23321282053491907,0
79,V,2.3078609249823843,0.11761209646373139,0.19456464995298237,-0.5222372215833081,0
79,K,0.37626174338687063,0.11761209646373139,0.11807993184881332,-0.6423658144583173,0
80,Y,2.1179069383510742,0.09865326775328143,0.24885513244909893,-0.5845805641156103,0
80,I,-1.0122575094258344,0.09865326775328143,0.05267861578997945,-0.1285550604263276,0
80,F,1.6633956005384407,0.09865326775328143,0.0799286844698764,-0.44457041016578275,0
80,L,1.3623602316626466,0.09865326775328143,0.08114770157400582,0.8305264876555903,0
80,A,2.5515575573485125,0.09865326775328143,0.03782760084266911,-0.2684257661604919,0
80,N,0.6012690295438482,0.09865326775328143,0.0037213460161719955,-0.027211646992229728,0
80,S,1.309859301559169,0.09865326775328143,0.155292610815641,-0.5057691043705048,0
80,E,1.6522092650691391,0.09865326775328143,0.2499794036718877,-0.36493192231733823,0
80,K,0.2326096076461176,0.09865326775328143,0.12149935894028938,-0.1560870441465753,0
80,T,0.3378025611215647,0.09865326775328143,0.10136582478751843,-0.8140407155902057,0
80,C,1.8148798714043342,0.09865326775328143,0.1568752045608369,0.11365038108460015,1
80,R,1.8981668819349307,0.09865326775328143,0.2598402847292884,0.44454151696119837,0
